1,1,118.00,157.54,79.99,171.14,0.8484,-1,-1,-1
1,2,16.01,148.76,74.71,190.85,0.8159,-1,-1,-1
2,1,118.05,154.91,82.14,174.66,0.8474,-1,-1,-1
2,2,17.59,145.32,74.08,194.76,0.8564,-1,-1,-1
3,1,124.61,153.60,68.50,177.40,0.7125,-1,-1,-1
3,2,22.15,137.97,73.92,203.07,0.8289,-1,-1,-1
4,1,129.90,154.12,78.49,179.17,0.8467,-1,-1,-1
4,2,27.46,141.90,72.90,201.17,0.8197,-1,-1,-1
4,3,253.00,193.87,24.96,67.00,0.4797,-1,-1,-1
5,1,136.47,156.85,83.68,180.23,0.8143,-1,-1,-1
5,2,35.33,140.63,73.38,206.92,0.8698,-1,-1,-1
5,3,263.45,198.63,23.50,64.61,0.5432,-1,-1,-1
6,1,141.46,155.47,86.54,183.80,0.8338,-1,-1,-1
6,2,35.64,140.63,78.03,209.30,0.8531,-1,-1,-1
6,3,269.38,198.32,24.89,66.27,0.5848,-1,-1,-1
6,4,222.71,197.99,23.85,67.02,0.6154,-1,-1,-1
6,5,251.17,197.66,21.84,66.03,0.4303,-1,-1,-1
7,1,144.60,152.17,87.77,187.05,0.8595,-1,-1,-1
7,2,38.97,139.17,76.79,210.29,0.8357,-1,-1,-1
7,3,274.25,198.69,25.84,63.72,0.6744,-1,-1,-1
7,4,226.25,197.76,24.82,66.17,0.6563,-1,-1,-1
7,5,256.79,195.94,21.47,62.92,0.6028,-1,-1,-1
8,1,152.13,152.82,88.96,190.20,0.8705,-1,-1,-1
8,2,43.25,140.06,78.10,213.22,0.8246,-1,-1,-1
8,3,281.23,200.90,26.53,64.75,0.5862,-1,-1,-1
8,4,234.53,200.20,24.63,65.57,0.6827,-1,-1,-1
8,5,265.05,198.05,20.57,64.04,0.5556,-1,-1,-1
9,1,156.59,151.65,88.24,193.06,0.8672,-1,-1,-1
9,2,47.22,139.60,77.80,214.06,0.8304,-1,-1,-1
9,3,287.55,200.20,25.69,65.64,0.7195,-1,-1,-1
9,4,240.32,203.04,24.92,63.21,0.5636,-1,-1,-1
9,5,269.92,198.77,22.02,65.88,0.6477,-1,-1,-1
10,1,164.82,148.03,88.02,197.40,0.8699,-1,-1,-1
10,2,50.41,135.28,83.19,219.51,0.8570,-1,-1,-1
10,3,296.14,200.90,25.50,64.97,0.6351,-1,-1,-1
10,4,250.18,198.31,25.26,67.11,0.6476,-1,-1,-1
10,5,278.76,196.91,21.74,66.85,0.4569,-1,-1,-1
11,1,171.09,147.14,88.85,200.44,0.8611,-1,-1,-1
11,2,55.11,135.09,84.92,221.57,0.8677,-1,-1,-1
11,3,305.23,201.13,22.79,64.57,0.6469,-1,-1,-1
11,4,256.10,200.32,22.98,65.04,0.4890,-1,-1,-1
11,5,285.23,197.61,22.88,67.29,0.6966,-1,-1,-1
11,9,143.72,195.55,28.50,69.84,0.5637,-1,-1,-1
12,1,181.90,147.53,91.59,204.67,0.8704,-1,-1,-1
12,2,64.58,131.78,84.47,230.56,0.8809,-1,-1,-1
12,3,316.46,204.78,22.54,63.17,0.5016,-1,-1,-1
12,4,268.83,200.21,24.21,67.49,0.6251,-1,-1,-1
12,9,153.88,197.76,29.55,69.10,0.5749,-1,-1,-1
13,1,184.44,147.19,95.81,208.29,0.8587,-1,-1,-1
13,2,67.92,138.80,85.81,225.84,0.8563,-1,-1,-1
13,3,321.40,197.72,24.35,70.12,0.4617,-1,-1,-1
13,4,275.35,200.27,23.98,67.96,0.5106,-1,-1,-1
13,9,159.07,196.84,30.33,70.55,0.5691,-1,-1,-1
13,5,303.78,203.03,21.15,63.67,0.4761,-1,-1,-1
14,1,197.40,144.95,94.52,211.42,0.8290,-1,-1,-1
14,2,81.53,130.67,82.70,235.26,0.8715,-1,-1,-1
14,3,334.17,202.46,22.11,64.94,0.3741,-1,-1,-1
14,4,286.97,202.49,23.59,64.35,0.5899,-1,-1,-1
14,9,170.58,195.62,29.85,71.17,0.5988,-1,-1,-1
14,5,316.34,201.73,21.63,64.55,0.5775,-1,-1,-1
15,1,208.75,144.87,95.28,215.04,0.8599,-1,-1,-1
15,2,87.02,135.67,85.24,233.67,0.8602,-1,-1,-1
15,3,345.47,204.44,25.25,64.39,0.6195,-1,-1,-1
15,4,297.11,202.47,22.81,65.92,0.5773,-1,-1,-1
15,9,181.80,197.21,28.95,70.86,0.6604,-1,-1,-1
15,5,326.01,200.84,22.66,66.45,0.5191,-1,-1,-1
16,1,211.96,143.18,98.66,216.49,0.8458,-1,-1,-1
16,2,82.15,126.32,92.95,242.84,0.8776,-1,-1,-1
16,3,351.58,200.21,26.67,66.54,0.5434,-1,-1,-1
16,4,301.03,198.71,23.63,66.45,0.6868,-1,-1,-1
16,9,185.66,193.52,29.83,71.57,0.6426,-1,-1,-1
16,5,330.69,195.99,23.70,69.52,0.5508,-1,-1,-1
16,12,1.10,142.45,45.78,156.63,0.4308,-1,-1,-1
17,1,213.84,140.19,105.23,221.91,0.7738,-1,-1,-1
17,2,84.26,123.86,93.19,247.08,0.8982,-1,-1,-1
17,3,354.17,190.88,26.06,74.24,0.4913,-1,-1,-1
17,4,305.69,196.46,23.91,68.72,0.5980,-1,-1,-1
17,9,188.95,192.67,29.00,71.81,0.6422,-1,-1,-1
17,5,334.61,195.29,23.31,69.72,0.4471,-1,-1,-1
17,12,1.15,140.62,60.21,149.78,0.3768,-1,-1,-1
18,1,216.20,138.24,109.77,228.62,0.8572,-1,-1,-1
18,2,84.06,123.81,96.13,252.05,0.9013,-1,-1,-1
18,4,311.33,195.68,22.59,70.57,0.7058,-1,-1,-1
18,9,193.30,194.34,27.93,70.66,0.5464,-1,-1,-1
18,12,1.02,140.51,54.36,155.38,0.4964,-1,-1,-1
19,1,216.68,133.12,112.36,233.83,0.8666,-1,-1,-1
19,2,81.34,118.80,97.78,256.68,0.9064,-1,-1,-1
19,4,311.22,192.37,24.53,71.02,0.6221,-1,-1,-1
19,9,193.67,192.25,28.63,70.29,0.5145,-1,-1,-1
19,12,-0.18,137.38,47.60,156.83,0.3060,-1,-1,-1
20,1,214.34,129.05,114.05,240.07,0.8877,-1,-1,-1
20,2,76.63,113.82,99.01,263.83,0.9029,-1,-1,-1
20,9,192.10,188.50,28.75,72.19,0.5803,-1,-1,-1
20,12,-0.85,134.96,45.60,151.15,0.2910,-1,-1,-1
21,1,213.60,127.11,116.45,246.65,0.8791,-1,-1,-1
21,2,72.85,109.10,101.52,272.74,0.8988,-1,-1,-1
21,9,191.90,187.25,28.20,73.95,0.6602,-1,-1,-1
21,12,-0.87,132.75,39.84,161.47,0.5208,-1,-1,-1
21,14,42.27,186.18,25.33,69.64,0.5713,-1,-1,-1
22,1,214.42,123.28,118.40,253.33,0.8829,-1,-1,-1
22,2,68.93,104.25,105.03,280.34,0.8850,-1,-1,-1
22,9,193.87,185.94,27.43,73.93,0.3509,-1,-1,-1
22,12,-0.44,129.35,38.17,205.81,0.3507,-1,-1,-1
22,14,41.70,183.18,27.95,70.88,0.4103,-1,-1,-1
23,1,215.58,124.19,120.38,260.65,0.8812,-1,-1,-1
23,2,67.57,105.50,108.12,289.04,0.8965,-1,-1,-1
23,9,197.90,190.53,26.63,73.80,0.5789,-1,-1,-1
23,12,-0.22,133.60,39.08,224.23,0.3568,-1,-1,-1
23,14,48.44,190.57,24.24,68.17,0.3665,-1,-1,-1
24,1,219.92,121.91,117.52,265.59,0.7988,-1,-1,-1
24,2,65.57,104.06,111.30,294.70,0.8602,-1,-1,-1
24,12,0.53,133.11,39.60,190.74,0.4349,-1,-1,-1
25,1,228.54,121.26,112.26,274.23,0.8810,-1,-1,-1
25,2,62.52,103.27,114.85,302.83,0.8911,-1,-1,-1
25,12,0.75,134.09,38.10,178.65,0.3614,-1,-1,-1
26,1,230.43,117.47,110.36,280.88,0.8712,-1,-1,-1
26,2,58.70,100.38,117.35,308.99,0.8826,-1,-1,-1
26,12,0.51,132.52,36.94,174.91,0.3655,-1,-1,-1
27,1,235.45,113.13,110.54,289.27,0.8809,-1,-1,-1
27,2,55.13,95.38,120.75,317.05,0.8972,-1,-1,-1
27,12,-0.38,129.73,37.51,173.07,0.4621,-1,-1,-1
28,1,240.12,111.55,110.27,294.45,0.8851,-1,-1,-1
28,2,54.43,94.30,123.01,322.67,0.9022,-1,-1,-1
28,12,0.73,129.97,38.34,171.44,0.3368,-1,-1,-1
29,1,236.54,105.69,120.11,302.35,0.8659,-1,-1,-1
29,2,52.00,87.17,127.34,335.60,0.8817,-1,-1,-1
30,1,235.32,103.63,123.21,309.43,0.8839,-1,-1,-1
30,2,48.18,84.36,131.17,344.35,0.8888,-1,-1,-1
31,1,243.20,99.27,121.19,319.88,0.8790,-1,-1,-1
31,2,43.58,80.52,137.63,353.27,0.8946,-1,-1,-1
32,1,252.57,97.06,121.39,330.44,0.8769,-1,-1,-1
32,2,44.54,78.36,140.58,363.29,0.8790,-1,-1,-1
32,17,147.28,80.27,47.81,176.01,0.5285,-1,-1,-1
33,1,260.12,90.19,126.59,339.42,0.8614,-1,-1,-1
33,2,51.27,71.06,140.25,374.24,0.8887,-1,-1,-1
33,17,153.53,76.55,46.89,181.86,0.3756,-1,-1,-1
33,18,418.38,188.65,26.54,75.39,0.6739,-1,-1,-1
33,4,360.90,187.03,26.93,75.26,0.6280,-1,-1,-1
34,1,269.45,89.06,130.50,350.52,0.8579,-1,-1,-1
34,2,57.89,70.63,142.14,381.98,0.8851,-1,-1,-1
34,17,158.92,75.66,53.26,181.07,0.5096,-1,-1,-1
34,18,426.12,187.99,27.04,78.42,0.6605,-1,-1,-1
34,4,369.00,187.45,29.01,76.56,0.6828,-1,-1,-1
34,3,425.86,187.53,27.06,79.17,0.6605,-1,-1,-1
35,1,272.84,88.69,142.70,360.22,0.8551,-1,-1,-1
35,2,64.36,70.85,142.15,388.40,0.9042,-1,-1,-1
35,17,165.30,76.03,55.48,225.94,0.2975,-1,-1,-1
35,18,434.97,190.33,28.15,78.71,0.6581,-1,-1,-1
35,4,377.98,189.81,28.66,76.98,0.7054,-1,-1,-1
35,19,1.37,118.95,35.46,103.83,0.6117,-1,-1,-1
35,20,410.42,188.05,24.56,77.65,0.4801,-1,-1,-1
35,3,435.56,190.48,28.07,78.66,0.6581,-1,-1,-1
36,1,275.55,82.08,156.78,369.80,0.8937,-1,-1,-1
36,2,71.76,63.44,145.37,399.43,0.8947,-1,-1,-1
36,17,174.75,71.67,56.00,203.49,0.5570,-1,-1,-1
36,18,447.33,189.38,28.34,78.45,0.6636,-1,-1,-1
36,4,388.63,189.01,28.03,76.46,0.5824,-1,-1,-1
36,20,421.00,182.50,25.90,82.49,0.4843,-1,-1,-1
36,3,448.09,189.63,28.27,78.29,0.6636,-1,-1,-1
37,1,274.21,78.66,165.40,378.31,0.8908,-1,-1,-1
37,2,72.07,61.19,148.38,406.19,0.9014,-1,-1,-1
37,17,177.39,70.96,55.00,193.17,0.4362,-1,-1,-1
37,18,452.00,189.98,27.37,78.63,0.6192,-1,-1,-1
37,4,392.22,189.37,28.37,76.32,0.6547,-1,-1,-1
37,20,424.91,186.46,24.47,79.45,0.3203,-1,-1,-1
37,3,452.75,190.21,27.42,78.44,0.6192,-1,-1,-1
38,1,278.63,76.50,174.14,387.86,0.8878,-1,-1,-1
38,2,71.67,58.94,152.49,415.47,0.8759,-1,-1,-1
38,17,181.06,70.66,57.10,196.42,0.4525,-1,-1,-1
38,18,457.00,189.88,28.56,80.35,0.7279,-1,-1,-1
38,4,398.09,193.29,28.89,73.92,0.4970,-1,-1,-1
38,20,430.04,189.22,26.44,78.88,0.5459,-1,-1,-1
38,3,457.71,190.15,28.53,80.08,0.7279,-1,-1,-1
39,1,283.40,70.52,178.72,397.84,0.8902,-1,-1,-1
39,2,70.01,53.33,157.13,424.72,0.8789,-1,-1,-1
39,17,182.81,64.37,57.70,197.17,0.5569,-1,-1,-1
39,18,460.56,187.34,31.86,81.78,0.6727,-1,-1,-1
39,4,403.40,194.40,27.56,71.29,0.5582,-1,-1,-1
39,20,434.50,187.13,26.37,78.29,0.5778,-1,-1,-1
39,3,461.26,187.60,31.70,81.50,0.6727,-1,-1,-1
39,5,434.69,187.11,26.10,77.99,0.5778,-1,-1,-1
40,1,285.48,67.28,186.57,410.11,0.8876,-1,-1,-1
40,2,68.18,53.15,162.34,428.85,0.8847,-1,-1,-1
40,17,185.04,63.75,57.20,200.24,0.6957,-1,-1,-1
40,18,464.71,188.41,31.97,83.06,0.7032,-1,-1,-1
40,4,409.04,198.92,24.86,70.00,0.4654,-1,-1,-1
40,20,438.62,186.91,27.75,81.23,0.5362,-1,-1,-1
40,3,465.38,188.63,31.85,82.79,0.7032,-1,-1,-1
40,5,439.10,186.71,27.56,81.21,0.5362,-1,-1,-1
41,1,287.99,63.72,192.42,417.46,0.8832,-1,-1,-1
41,2,64.05,49.86,166.86,433.24,0.8903,-1,-1,-1
41,17,183.40,63.01,58.11,200.28,0.7385,-1,-1,-1
41,18,467.67,188.76,31.81,58.84,0.6164,-1,-1,-1
41,20,440.07,188.17,27.50,80.18,0.5486,-1,-1,-1
41,3,468.24,188.94,31.74,59.06,0.6164,-1,-1,-1
41,5,440.67,187.89,27.41,80.28,0.5486,-1,-1,-1
41,19,0.41,114.38,49.19,153.25,0.3844,-1,-1,-1
42,1,283.52,56.43,197.93,425.91,0.8999,-1,-1,-1
42,2,51.92,41.72,171.60,440.29,0.8915,-1,-1,-1
42,17,177.84,55.87,59.43,207.60,0.6336,-1,-1,-1
42,18,465.08,187.39,33.40,42.67,0.5377,-1,-1,-1
42,3,465.57,187.51,33.32,43.10,0.5377,-1,-1,-1
43,1,281.90,53.10,204.41,430.42,0.9045,-1,-1,-1
43,2,46.73,36.28,173.85,446.11,0.8963,-1,-1,-1
43,17,175.37,51.55,58.88,208.55,0.6478,-1,-1,-1
43,18,464.37,189.98,31.70,32.78,0.5272,-1,-1,-1
43,3,464.82,190.03,31.65,33.12,0.5272,-1,-1,-1
44,1,281.68,50.22,209.67,433.17,0.9040,-1,-1,-1
44,2,43.72,31.07,177.10,450.68,0.8976,-1,-1,-1
44,17,175.33,48.56,59.41,212.16,0.6433,-1,-1,-1
44,9,266.55,186.93,26.06,77.82,0.3625,-1,-1,-1
45,1,283.67,46.43,213.93,435.45,0.8964,-1,-1,-1
45,2,41.74,27.15,179.14,452.95,0.8951,-1,-1,-1
45,17,176.11,46.67,61.01,215.30,0.6476,-1,-1,-1
45,9,267.93,185.84,27.38,77.81,0.4529,-1,-1,-1
46,1,279.64,42.71,222.91,440.00,0.9094,-1,-1,-1
46,2,36.06,20.63,184.16,460.47,0.8836,-1,-1,-1
46,17,174.61,44.64,62.42,218.71,0.6942,-1,-1,-1
46,22,-0.15,97.48,37.23,329.54,0.4195,-1,-1,-1
47,1,282.90,38.12,223.87,443.79,0.9064,-1,-1,-1
47,2,33.08,14.88,186.31,465.03,0.8725,-1,-1,-1
47,17,174.46,41.15,61.90,218.48,0.6582,-1,-1,-1
47,22,0.33,93.99,36.82,333.58,0.3063,-1,-1,-1
47,9,269.70,183.60,27.28,79.20,0.3716,-1,-1,-1
48,1,288.53,31.05,224.95,450.49,0.8999,-1,-1,-1
48,2,30.27,11.08,192.03,469.75,0.8636,-1,-1,-1
48,17,176.69,38.22,63.45,222.73,0.6428,-1,-1,-1
48,22,0.44,92.92,39.69,339.85,0.3433,-1,-1,-1
49,1,287.50,28.49,230.40,453.24,0.8895,-1,-1,-1
49,2,26.71,8.95,199.17,470.14,0.8603,-1,-1,-1
49,17,176.25,36.40,65.44,226.44,0.6405,-1,-1,-1
50,1,286.20,23.27,234.14,458.12,0.8995,-1,-1,-1
50,2,20.69,3.30,204.32,476.37,0.8585,-1,-1,-1
50,17,174.33,34.16,66.78,234.81,0.6500,-1,-1,-1
51,1,285.75,19.62,238.92,460.45,0.9086,-1,-1,-1
51,2,20.94,0.97,203.64,476.49,0.8588,-1,-1,-1
51,17,174.33,33.01,69.89,237.88,0.7362,-1,-1,-1
51,23,0.31,89.41,30.63,117.83,0.4481,-1,-1,-1
52,1,289.00,15.61,240.97,462.47,0.9019,-1,-1,-1
52,2,17.26,-0.27,206.64,477.42,0.8464,-1,-1,-1
52,17,173.67,30.16,71.66,239.97,0.5960,-1,-1,-1
52,23,0.44,87.43,31.22,151.44,0.4830,-1,-1,-1
53,1,288.56,13.05,248.96,467.27,0.9044,-1,-1,-1
53,2,12.55,-1.36,212.14,481.74,0.8605,-1,-1,-1
53,17,173.17,27.91,71.72,241.80,0.6318,-1,-1,-1
53,23,-0.54,86.16,36.15,164.66,0.3691,-1,-1,-1
54,1,290.10,11.80,250.54,469.82,0.9116,-1,-1,-1
54,2,12.29,-1.03,211.88,480.04,0.8424,-1,-1,-1
54,17,173.27,27.75,71.51,242.59,0.5766,-1,-1,-1
54,23,-0.13,86.36,36.37,134.84,0.4177,-1,-1,-1
55,1,292.20,8.12,258.75,468.44,0.8858,-1,-1,-1
55,2,10.65,1.03,217.11,477.50,0.8571,-1,-1,-1
55,17,174.27,26.62,73.38,243.31,0.5491,-1,-1,-1
55,23,0.71,86.95,38.21,182.60,0.4524,-1,-1,-1
56,1,290.67,5.61,263.58,472.34,0.8457,-1,-1,-1
56,2,10.20,0.23,218.09,478.94,0.8620,-1,-1,-1
56,17,175.00,25.07,72.85,246.61,0.5890,-1,-1,-1
56,23,-0.15,85.33,37.82,178.17,0.4636,-1,-1,-1
57,1,297.41,2.94,264.40,476.32,0.9115,-1,-1,-1
57,2,7.77,0.51,220.48,477.41,0.8578,-1,-1,-1
57,17,175.81,23.42,73.71,275.58,0.6122,-1,-1,-1
57,23,0.10,83.99,36.87,173.86,0.5690,-1,-1,-1
58,1,301.10,1.66,266.89,478.85,0.8997,-1,-1,-1
58,2,6.82,0.67,221.78,477.67,0.8594,-1,-1,-1
58,17,176.08,21.23,76.10,344.08,0.4966,-1,-1,-1
58,23,0.07,83.63,35.70,171.58,0.4866,-1,-1,-1
59,1,302.95,0.16,273.60,480.92,0.9035,-1,-1,-1
59,2,4.81,0.12,224.06,478.58,0.8447,-1,-1,-1
59,17,176.62,19.82,76.47,343.41,0.7051,-1,-1,-1
59,23,-0.54,83.55,33.42,169.30,0.4017,-1,-1,-1
60,1,303.43,-1.44,280.36,480.52,0.9006,-1,-1,-1
60,2,3.58,-0.62,225.83,478.79,0.8185,-1,-1,-1
60,17,174.86,18.07,79.13,388.88,0.5711,-1,-1,-1
60,23,-0.68,80.11,30.94,205.06,0.3765,-1,-1,-1
61,1,306.34,-1.42,284.94,480.91,0.8971,-1,-1,-1
61,2,1.27,0.33,227.05,477.26,0.8556,-1,-1,-1
61,17,174.80,17.55,79.55,403.12,0.6077,-1,-1,-1
61,23,-0.45,79.75,29.13,214.24,0.3827,-1,-1,-1
62,1,310.93,-1.39,286.65,478.05,0.8307,-1,-1,-1
62,2,0.82,-0.04,226.08,477.20,0.8611,-1,-1,-1
62,17,177.04,15.78,78.77,416.15,0.7277,-1,-1,-1
62,23,0.09,77.81,30.36,226.01,0.4517,-1,-1,-1
63,1,312.83,-0.70,286.67,479.47,0.8857,-1,-1,-1
63,2,0.56,0.66,225.39,475.94,0.7896,-1,-1,-1
63,17,177.07,14.88,79.63,422.40,0.7196,-1,-1,-1
63,23,0.49,78.25,27.53,194.19,0.2845,-1,-1,-1
63,22,0.18,75.64,37.64,361.88,0.3731,-1,-1,-1
64,1,316.51,-0.69,288.14,480.27,0.8757,-1,-1,-1
64,2,0.42,1.76,227.92,476.10,0.8099,-1,-1,-1
64,17,176.34,14.76,82.57,420.50,0.5741,-1,-1,-1
64,23,0.40,78.82,27.09,180.38,0.3066,-1,-1,-1
64,22,0.37,75.39,34.74,377.29,0.3595,-1,-1,-1
64,5,501.00,191.66,26.72,77.53,0.6102,-1,-1,-1
65,1,317.18,-0.67,289.48,480.25,0.8766,-1,-1,-1
65,2,-0.02,1.70,234.02,474.84,0.7657,-1,-1,-1
65,17,177.21,14.16,83.56,377.83,0.5247,-1,-1,-1
65,23,0.24,78.18,25.46,155.62,0.2590,-1,-1,-1
65,22,0.31,74.75,35.00,362.09,0.3505,-1,-1,-1
65,5,501.91,192.65,26.38,76.61,0.6443,-1,-1,-1
66,1,314.25,-0.51,292.90,480.21,0.8839,-1,-1,-1
66,2,-0.45,1.28,232.27,473.34,0.8418,-1,-1,-1
66,17,177.03,12.99,85.07,347.59,0.6341,-1,-1,-1
66,23,0.02,78.09,22.71,136.56,0.3763,-1,-1,-1
66,22,0.08,74.41,33.58,371.68,0.3673,-1,-1,-1
66,5,502.26,192.32,26.40,76.56,0.6824,-1,-1,-1
67,1,312.31,-0.15,298.62,479.93,0.8852,-1,-1,-1
67,2,-0.07,1.62,228.82,475.21,0.8087,-1,-1,-1
67,17,179.02,12.05,84.35,393.87,0.7479,-1,-1,-1
67,23,0.37,78.19,21.97,132.57,0.2993,-1,-1,-1
67,22,0.45,75.25,32.30,377.48,0.5338,-1,-1,-1
67,5,503.71,192.84,25.13,76.28,0.6490,-1,-1,-1
68,1,315.58,0.21,296.98,480.04,0.8942,-1,-1,-1
68,2,-0.20,2.52,226.68,474.86,0.7487,-1,-1,-1
68,17,179.17,11.24,84.74,421.36,0.6779,-1,-1,-1
68,22,0.42,75.16,33.02,350.20,0.3680,-1,-1,-1
68,5,505.75,193.20,23.61,76.57,0.6037,-1,-1,-1
69,1,317.29,0.30,294.49,479.83,0.8915,-1,-1,-1
69,2,-0.30,2.59,225.57,475.12,0.7380,-1,-1,-1
69,17,179.05,9.99,85.20,433.12,0.6036,-1,-1,-1
69,22,0.31,73.86,33.61,357.07,0.3943,-1,-1,-1
69,5,505.99,193.61,22.39,75.68,0.6365,-1,-1,-1
69,9,293.95,176.06,28.68,86.47,0.5637,-1,-1,-1
69,23,0.20,77.36,22.01,129.66,0.3680,-1,-1,-1
70,1,317.87,0.41,293.60,479.73,0.8924,-1,-1,-1
70,2,-0.23,1.72,223.79,477.26,0.8235,-1,-1,-1
70,17,181.93,9.16,84.17,430.94,0.8348,-1,-1,-1
70,22,0.44,74.27,34.09,356.00,0.4031,-1,-1,-1
70,5,506.52,193.51,22.54,75.74,0.6172,-1,-1,-1
70,9,295.13,176.67,27.17,85.55,0.5253,-1,-1,-1
70,23,0.18,77.03,22.42,128.64,0.3834,-1,-1,-1
71,1,318.03,0.16,292.37,479.92,0.8761,-1,-1,-1
71,2,-0.07,1.57,222.80,478.03,0.8286,-1,-1,-1
71,17,183.51,8.35,84.49,430.25,0.8365,-1,-1,-1
71,22,0.55,74.14,33.64,363.90,0.3847,-1,-1,-1
71,5,506.90,193.60,22.37,74.91,0.5617,-1,-1,-1
71,9,293.78,176.76,28.09,84.91,0.5884,-1,-1,-1
71,23,0.23,77.44,22.56,126.72,0.4387,-1,-1,-1
72,1,316.97,0.56,294.21,479.40,0.8827,-1,-1,-1
72,2,0.13,1.78,223.06,478.18,0.8600,-1,-1,-1
72,17,184.64,8.07,85.13,429.99,0.8375,-1,-1,-1
72,22,0.76,75.35,33.27,367.15,0.4914,-1,-1,-1
72,5,507.25,193.27,22.48,75.70,0.5834,-1,-1,-1
72,9,291.83,176.97,30.57,85.00,0.6204,-1,-1,-1
72,23,0.45,78.00,22.85,126.50,0.4064,-1,-1,-1
73,1,314.71,0.52,296.81,479.31,0.8920,-1,-1,-1
73,2,0.08,1.67,223.05,478.21,0.8543,-1,-1,-1
73,17,185.08,9.63,86.90,427.57,0.8394,-1,-1,-1
73,22,0.66,74.56,33.95,362.63,0.3447,-1,-1,-1
73,5,506.33,192.61,22.80,77.21,0.5062,-1,-1,-1
73,9,290.55,177.22,30.83,83.22,0.6042,-1,-1,-1
73,23,0.36,77.89,22.68,127.60,0.4076,-1,-1,-1
73,26,586.32,196.29,23.09,51.79,0.5500,-1,-1,-1
74,1,313.50,0.24,296.20,479.50,0.8500,-1,-1,-1
74,2,0.12,1.68,223.34,477.52,0.8477,-1,-1,-1
74,17,185.43,9.30,88.53,426.87,0.8486,-1,-1,-1
74,22,0.62,73.91,34.10,355.62,0.3463,-1,-1,-1
74,5,505.79,193.10,22.63,76.13,0.5653,-1,-1,-1
74,9,290.32,177.18,30.60,82.44,0.5464,-1,-1,-1
74,23,0.32,78.09,22.74,126.41,0.4138,-1,-1,-1
75,1,309.11,0.57,295.85,478.53,0.8711,-1,-1,-1
75,2,1.03,1.62,222.61,477.08,0.8279,-1,-1,-1
75,17,186.78,9.75,89.15,425.08,0.8458,-1,-1,-1
75,22,0.97,74.08,35.14,362.55,0.2992,-1,-1,-1
75,9,290.30,177.25,31.12,81.90,0.6049,-1,-1,-1
75,23,0.69,77.87,23.00,125.44,0.3664,-1,-1,-1
76,1,306.33,0.22,297.39,477.51,0.8883,-1,-1,-1
76,2,1.24,1.52,222.32,476.74,0.8184,-1,-1,-1
76,17,187.09,10.07,89.83,424.29,0.8553,-1,-1,-1
76,22,0.90,74.24,34.87,361.16,0.2824,-1,-1,-1
76,9,290.26,176.87,30.68,81.32,0.6551,-1,-1,-1
76,23,0.64,78.21,22.89,127.28,0.3271,-1,-1,-1
77,1,304.28,0.09,296.98,476.67,0.8744,-1,-1,-1
77,2,1.33,1.62,222.91,476.06,0.8269,-1,-1,-1
77,17,187.52,10.02,90.21,423.45,0.8452,-1,-1,-1
77,22,0.71,74.98,34.31,349.71,0.2896,-1,-1,-1
77,9,290.11,176.76,31.87,81.14,0.6553,-1,-1,-1
77,23,0.46,78.86,23.03,120.65,0.3556,-1,-1,-1
78,1,302.35,0.07,297.77,476.43,0.8931,-1,-1,-1
78,2,1.16,1.54,223.20,477.62,0.8335,-1,-1,-1
78,17,188.75,9.46,88.12,423.57,0.8443,-1,-1,-1
78,22,0.50,74.38,33.07,357.40,0.2758,-1,-1,-1
78,9,289.63,177.17,31.38,80.88,0.4946,-1,-1,-1
78,23,0.32,78.93,22.90,114.26,0.4589,-1,-1,-1
79,1,303.92,-0.08,291.57,478.59,0.8717,-1,-1,-1
79,2,1.15,0.96,222.97,477.84,0.8325,-1,-1,-1
79,17,188.69,9.81,86.14,423.65,0.8373,-1,-1,-1
79,22,0.20,74.94,33.06,351.27,0.2702,-1,-1,-1
79,9,288.70,177.54,32.76,80.50,0.4671,-1,-1,-1
79,23,0.02,78.93,23.00,121.24,0.3723,-1,-1,-1
80,1,310.82,-0.11,279.10,479.52,0.8759,-1,-1,-1
80,2,0.63,1.25,224.05,478.42,0.8516,-1,-1,-1
80,17,188.63,10.65,85.64,424.33,0.8294,-1,-1,-1
80,22,-0.03,75.81,32.44,350.99,0.3045,-1,-1,-1
80,23,-0.20,79.42,23.17,119.14,0.3803,-1,-1,-1
81,1,312.30,-0.09,276.78,479.32,0.8798,-1,-1,-1
81,2,1.01,1.47,226.13,477.86,0.8432,-1,-1,-1
81,17,189.15,11.04,84.87,420.56,0.7937,-1,-1,-1
81,22,0.46,75.96,32.64,364.00,0.4099,-1,-1,-1
81,23,0.33,79.47,23.69,118.71,0.3807,-1,-1,-1
82,1,316.50,-0.13,270.99,480.23,0.8624,-1,-1,-1
82,2,0.34,1.45,229.85,477.35,0.8403,-1,-1,-1
82,17,188.97,11.82,84.53,420.41,0.7392,-1,-1,-1
82,22,-0.07,75.81,33.21,360.28,0.3528,-1,-1,-1
82,23,-0.23,79.68,23.34,115.96,0.4136,-1,-1,-1
83,1,311.87,0.04,275.23,477.84,0.8782,-1,-1,-1
83,2,0.25,1.47,227.07,478.19,0.8173,-1,-1,-1
83,17,188.27,13.02,84.08,423.46,0.8172,-1,-1,-1
83,22,-0.03,74.61,32.81,373.45,0.3457,-1,-1,-1
83,23,-0.19,79.30,22.92,118.42,0.4516,-1,-1,-1
84,1,308.57,0.04,273.90,478.86,0.9028,-1,-1,-1
84,2,0.15,1.18,224.82,476.81,0.7691,-1,-1,-1
84,17,184.83,12.27,85.15,425.96,0.7983,-1,-1,-1
84,22,-0.03,72.49,30.50,373.11,0.2616,-1,-1,-1
84,23,-0.16,78.70,21.61,121.42,0.4579,-1,-1,-1
85,1,308.51,0.08,277.04,478.87,0.8923,-1,-1,-1
85,2,0.18,1.29,228.89,475.75,0.7584,-1,-1,-1
85,17,182.76,14.11,84.17,424.71,0.7471,-1,-1,-1
85,22,0.04,72.47,32.13,362.44,0.2932,-1,-1,-1
85,23,-0.09,78.72,21.80,123.64,0.3620,-1,-1,-1
86,1,307.70,0.31,278.55,476.73,0.8679,-1,-1,-1
86,2,0.41,1.86,228.98,475.75,0.7405,-1,-1,-1
86,17,179.16,16.57,84.57,423.40,0.7507,-1,-1,-1
86,22,0.19,73.31,33.04,367.50,0.3084,-1,-1,-1
86,23,0.03,79.62,22.16,125.18,0.3754,-1,-1,-1
86,27,615.35,193.43,24.22,56.56,0.4649,-1,-1,-1
87,1,309.29,-0.07,276.93,478.87,0.8880,-1,-1,-1
87,2,-0.16,1.51,231.46,475.31,0.7021,-1,-1,-1
87,17,174.95,16.84,84.75,414.64,0.6689,-1,-1,-1
87,22,-0.16,74.00,32.64,367.04,0.4767,-1,-1,-1
87,23,-0.31,79.53,21.40,123.46,0.3263,-1,-1,-1
87,27,614.97,193.26,24.51,56.15,0.4894,-1,-1,-1
87,5,503.74,193.02,23.69,75.80,0.6588,-1,-1,-1
88,1,307.56,0.84,279.73,479.17,0.8988,-1,-1,-1
88,2,-0.10,2.08,228.63,475.78,0.8129,-1,-1,-1
88,17,174.11,20.85,83.18,412.11,0.7451,-1,-1,-1
88,22,0.02,73.98,32.96,377.89,0.3262,-1,-1,-1
88,23,-0.12,80.73,21.83,123.53,0.4351,-1,-1,-1
88,5,504.99,193.39,23.44,76.93,0.5258,-1,-1,-1
89,1,310.47,0.57,277.00,479.51,0.8955,-1,-1,-1
89,2,-0.16,1.87,227.30,476.48,0.8042,-1,-1,-1
89,17,172.09,22.70,83.84,406.97,0.7138,-1,-1,-1
89,22,0.03,74.95,32.59,356.24,0.3430,-1,-1,-1
89,23,-0.12,81.00,21.91,123.58,0.3758,-1,-1,-1
89,5,505.74,192.97,22.40,77.09,0.5054,-1,-1,-1
90,1,308.90,0.72,278.67,479.27,0.8977,-1,-1,-1
90,2,-0.35,1.86,224.95,477.01,0.7954,-1,-1,-1
90,17,169.28,23.70,86.58,403.79,0.7513,-1,-1,-1
90,22,-0.06,77.27,32.17,364.78,0.4337,-1,-1,-1
90,23,-0.19,82.04,21.79,121.25,0.2839,-1,-1,-1
90,5,505.80,192.98,21.44,77.10,0.4277,-1,-1,-1
91,1,308.62,1.00,279.85,478.85,0.8943,-1,-1,-1
91,2,-0.02,1.78,223.46,476.99,0.7909,-1,-1,-1
91,17,167.77,24.16,89.19,402.63,0.7204,-1,-1,-1
91,22,0.25,78.67,32.02,373.94,0.4672,-1,-1,-1
91,23,0.07,83.37,21.89,127.18,0.4233,-1,-1,-1
91,5,505.51,192.47,21.16,76.64,0.3014,-1,-1,-1
92,1,305.99,0.87,282.44,478.90,0.9045,-1,-1,-1
92,2,0.14,1.85,230.38,476.22,0.7655,-1,-1,-1
92,17,166.70,24.73,92.58,400.61,0.6925,-1,-1,-1
92,22,0.16,80.14,32.82,365.03,0.4237,-1,-1,-1
92,5,506.41,192.87,20.74,76.80,0.3287,-1,-1,-1
93,1,305.94,0.51,280.16,478.87,0.8917,-1,-1,-1
93,2,0.18,1.45,225.58,475.31,0.8433,-1,-1,-1
93,17,166.82,24.09,100.57,406.63,0.7883,-1,-1,-1
93,22,0.22,79.57,32.89,361.06,0.3017,-1,-1,-1
93,29,299.33,180.44,25.51,76.31,0.4503,-1,-1,-1
94,1,306.58,0.04,278.31,479.66,0.9028,-1,-1,-1
94,2,0.47,1.16,223.86,475.14,0.8469,-1,-1,-1
94,17,167.64,23.79,103.96,408.74,0.7889,-1,-1,-1
94,22,0.53,79.40,32.71,364.80,0.3167,-1,-1,-1
94,29,299.73,179.25,25.65,78.39,0.4521,-1,-1,-1
94,31,267.17,190.87,17.77,57.76,0.4865,-1,-1,-1
95,1,307.40,-0.06,276.91,477.94,0.9010,-1,-1,-1
95,2,0.74,1.38,223.21,474.86,0.8603,-1,-1,-1
95,17,169.79,22.45,104.39,411.50,0.7886,-1,-1,-1
95,22,0.71,79.10,33.64,369.52,0.4191,-1,-1,-1
95,29,301.17,178.72,24.21,80.70,0.5122,-1,-1,-1
95,31,266.81,192.71,16.26,55.80,0.5569,-1,-1,-1
96,1,306.97,-0.09,275.88,479.12,0.8999,-1,-1,-1
96,2,0.46,1.48,222.59,474.30,0.8357,-1,-1,-1
96,17,171.52,21.98,102.57,411.17,0.7914,-1,-1,-1
96,22,0.24,81.97,34.28,365.44,0.4157,-1,-1,-1
96,29,301.65,177.87,22.70,81.11,0.5020,-1,-1,-1
96,31,265.53,192.15,16.55,56.53,0.5346,-1,-1,-1
97,1,307.21,0.16,275.93,477.52,0.9031,-1,-1,-1
97,2,0.48,1.66,222.39,472.64,0.8640,-1,-1,-1
97,17,174.33,21.22,99.47,412.01,0.8179,-1,-1,-1
97,22,0.10,83.98,34.02,328.99,0.3742,-1,-1,-1
97,29,301.83,178.68,22.88,81.25,0.5721,-1,-1,-1
97,31,262.85,192.21,16.73,58.15,0.5794,-1,-1,-1
97,9,282.81,179.80,25.12,78.44,0.3714,-1,-1,-1
98,1,308.65,0.03,275.12,477.87,0.9064,-1,-1,-1
98,2,0.95,1.30,222.27,472.74,0.8745,-1,-1,-1
98,17,180.31,20.42,94.02,412.46,0.8351,-1,-1,-1
98,22,0.42,83.09,33.08,341.42,0.5054,-1,-1,-1
98,29,302.41,178.08,22.68,82.68,0.5933,-1,-1,-1
98,9,285.07,181.71,22.93,76.61,0.2867,-1,-1,-1
98,5,506.67,192.56,21.38,76.57,0.5041,-1,-1,-1
99,1,309.08,0.04,274.85,478.03,0.9089,-1,-1,-1
99,2,0.73,1.18,222.34,473.93,0.8855,-1,-1,-1
99,17,184.02,20.79,91.60,411.78,0.8484,-1,-1,-1
99,22,0.31,79.94,34.68,361.59,0.4600,-1,-1,-1
99,29,301.48,177.83,23.63,81.43,0.5364,-1,-1,-1
99,9,281.16,180.44,25.16,78.41,0.3549,-1,-1,-1
99,5,506.83,192.47,21.81,76.70,0.3765,-1,-1,-1
100,1,309.55,-0.06,273.95,477.75,0.9027,-1,-1,-1
100,2,0.49,0.99,221.72,475.03,0.8820,-1,-1,-1
100,17,186.66,18.94,90.40,413.27,0.8406,-1,-1,-1
100,22,-0.02,81.21,34.78,345.51,0.4245,-1,-1,-1
100,29,300.96,178.17,24.93,80.47,0.5874,-1,-1,-1
100,9,279.64,178.99,25.94,79.80,0.5712,-1,-1,-1
100,5,506.13,192.51,22.03,76.07,0.5333,-1,-1,-1
101,1,310.24,-0.01,274.07,479.35,0.9086,-1,-1,-1
101,2,0.64,0.95,221.68,475.27,0.8767,-1,-1,-1
101,17,189.34,17.60,91.50,413.77,0.8511,-1,-1,-1
101,22,0.11,81.44,34.03,353.92,0.4260,-1,-1,-1
101,29,300.96,178.07,24.36,81.49,0.4528,-1,-1,-1
101,9,279.42,179.08,26.24,79.73,0.4007,-1,-1,-1
101,5,507.09,192.72,21.88,76.21,0.3761,-1,-1,-1
102,1,311.84,-0.05,272.08,478.70,0.9022,-1,-1,-1
102,2,0.55,0.67,221.52,475.74,0.8734,-1,-1,-1
102,17,189.96,16.23,93.23,413.50,0.8479,-1,-1,-1
102,22,0.05,81.58,33.94,348.91,0.4412,-1,-1,-1
102,5,507.81,192.90,19.99,75.88,0.2892,-1,-1,-1
103,1,313.31,-0.06,271.57,479.82,0.9122,-1,-1,-1
103,2,0.52,0.76,221.56,476.53,0.8702,-1,-1,-1
103,17,191.24,16.76,93.25,414.61,0.8402,-1,-1,-1
103,22,0.10,82.00,33.89,329.69,0.3833,-1,-1,-1
103,5,508.61,193.07,18.75,75.50,0.3142,-1,-1,-1
104,1,314.24,-0.03,273.38,480.04,0.9108,-1,-1,-1
104,2,0.26,0.87,222.41,476.85,0.8893,-1,-1,-1
104,17,192.20,17.38,91.14,414.95,0.8419,-1,-1,-1
104,22,0.10,80.70,33.86,337.59,0.3355,-1,-1,-1
104,5,508.13,193.15,19.41,75.12,0.3212,-1,-1,-1
105,1,314.08,-0.06,274.62,480.20,0.9087,-1,-1,-1
105,2,-0.20,0.75,223.08,476.90,0.8627,-1,-1,-1
105,17,191.98,17.12,89.88,412.04,0.8375,-1,-1,-1
105,22,-0.28,82.95,32.20,348.10,0.3764,-1,-1,-1
106,1,314.12,-0.09,276.17,479.56,0.9044,-1,-1,-1
106,2,-0.12,0.54,223.46,477.62,0.8800,-1,-1,-1
106,17,192.42,16.66,87.30,414.21,0.8269,-1,-1,-1
106,22,-0.22,82.69,32.60,357.69,0.4081,-1,-1,-1
106,33,540.78,203.79,12.32,36.00,0.4060,-1,-1,-1
106,29,300.90,178.72,23.97,82.19,0.6317,-1,-1,-1
106,9,279.00,178.84,25.56,81.31,0.5835,-1,-1,-1
107,1,313.73,0.18,278.70,478.95,0.8953,-1,-1,-1
107,2,-0.10,0.35,224.42,478.11,0.8803,-1,-1,-1
107,17,192.47,16.69,86.44,414.73,0.8186,-1,-1,-1
107,22,-0.22,82.63,31.80,361.28,0.3576,-1,-1,-1
107,33,541.30,204.16,11.90,35.66,0.3816,-1,-1,-1
107,29,300.87,178.63,24.28,82.13,0.5889,-1,-1,-1
107,9,279.33,179.31,25.54,79.91,0.5654,-1,-1,-1
108,1,312.62,-0.10,282.74,477.90,0.8996,-1,-1,-1
108,2,-0.26,-0.03,225.32,477.99,0.8742,-1,-1,-1
108,17,192.03,16.10,86.11,415.47,0.8234,-1,-1,-1
108,33,541.20,202.43,12.08,37.55,0.4677,-1,-1,-1
108,29,300.96,178.70,24.24,81.48,0.6020,-1,-1,-1
108,9,279.23,180.46,25.05,78.15,0.5106,-1,-1,-1
109,1,312.39,-0.18,284.79,475.93,0.8313,-1,-1,-1
109,2,-0.41,-0.01,225.06,478.56,0.8857,-1,-1,-1
109,17,190.14,16.49,87.78,414.33,0.8310,-1,-1,-1
109,29,300.93,178.36,24.04,82.07,0.5538,-1,-1,-1
109,9,278.92,180.39,25.70,78.15,0.5028,-1,-1,-1
110,1,312.21,-0.25,288.19,477.21,0.7599,-1,-1,-1
110,2,-0.72,0.23,224.61,478.45,0.9072,-1,-1,-1
110,17,188.40,16.67,90.60,414.13,0.8395,-1,-1,-1
110,29,300.54,178.19,24.54,82.17,0.4505,-1,-1,-1
110,9,282.01,179.43,25.66,79.37,0.2629,-1,-1,-1
111,1,311.29,0.05,290.10,476.96,0.7984,-1,-1,-1
111,2,-0.21,0.05,222.89,478.97,0.8961,-1,-1,-1
111,17,188.08,17.10,91.89,414.18,0.8444,-1,-1,-1
111,29,299.47,178.14,24.32,81.71,0.2963,-1,-1,-1
112,1,323.83,0.11,279.71,478.84,0.7949,-1,-1,-1
112,2,-0.29,0.12,222.78,479.39,0.9072,-1,-1,-1
112,17,187.70,17.04,94.64,415.57,0.8493,-1,-1,-1
112,29,298.41,177.78,26.23,82.80,0.3507,-1,-1,-1
113,1,315.73,0.24,283.38,479.37,0.8647,-1,-1,-1
113,2,-0.21,0.17,222.74,479.21,0.9028,-1,-1,-1
113,17,187.73,17.82,94.51,416.61,0.8531,-1,-1,-1
114,1,311.30,0.21,287.04,479.21,0.8970,-1,-1,-1
114,2,0.14,0.15,222.18,478.62,0.8955,-1,-1,-1
114,17,187.67,19.12,94.81,414.24,0.8538,-1,-1,-1
115,1,309.79,0.14,284.67,477.90,0.8815,-1,-1,-1
115,2,0.48,-0.17,221.56,478.79,0.8898,-1,-1,-1
115,17,188.42,19.84,94.44,414.78,0.8666,-1,-1,-1
116,1,307.09,0.05,284.90,478.62,0.8949,-1,-1,-1
116,2,0.98,-0.48,220.51,478.12,0.8794,-1,-1,-1
116,17,191.04,20.18,92.84,414.90,0.8595,-1,-1,-1
117,1,306.15,0.18,282.12,477.93,0.8835,-1,-1,-1
117,2,1.48,-0.31,220.78,476.99,0.8703,-1,-1,-1
117,17,192.67,20.24,93.59,415.15,0.8547,-1,-1,-1
118,1,304.42,0.53,278.12,476.76,0.8898,-1,-1,-1
118,2,1.57,0.28,222.02,476.77,0.8679,-1,-1,-1
118,17,193.85,20.43,92.68,415.75,0.8588,-1,-1,-1
119,1,303.30,0.82,278.48,477.46,0.9113,-1,-1,-1
119,2,1.65,1.22,226.12,477.19,0.8854,-1,-1,-1
119,17,196.94,20.69,91.97,413.00,0.8164,-1,-1,-1
119,5,498.81,193.26,29.72,78.16,0.6998,-1,-1,-1
119,22,0.10,80.30,30.40,342.05,0.4008,-1,-1,-1
120,1,302.22,0.50,279.97,478.75,0.9103,-1,-1,-1
120,2,0.93,1.27,230.21,478.28,0.8727,-1,-1,-1
120,17,199.97,21.39,89.29,411.35,0.8094,-1,-1,-1
120,5,498.76,193.17,29.89,78.71,0.7203,-1,-1,-1
121,1,302.84,0.91,280.28,478.11,0.8873,-1,-1,-1
121,2,1.42,1.35,234.47,478.05,0.8772,-1,-1,-1
121,17,200.80,21.71,88.84,413.32,0.8196,-1,-1,-1
121,5,498.64,192.76,30.19,79.18,0.6617,-1,-1,-1
122,1,305.45,0.84,281.27,476.82,0.8887,-1,-1,-1
122,2,1.79,1.25,238.52,478.33,0.8574,-1,-1,-1
122,17,202.52,22.40,85.07,415.52,0.8232,-1,-1,-1
122,5,498.77,193.55,29.89,78.20,0.6640,-1,-1,-1
122,22,1.47,76.20,34.69,391.44,0.3786,-1,-1,-1
123,1,303.33,1.00,281.92,477.64,0.8961,-1,-1,-1
123,2,1.87,1.49,242.19,478.01,0.8722,-1,-1,-1
123,17,202.78,21.78,84.48,414.40,0.8338,-1,-1,-1
123,5,499.04,193.79,30.39,77.84,0.6804,-1,-1,-1
123,22,1.50,76.00,37.49,399.75,0.5531,-1,-1,-1
124,1,304.21,0.43,280.03,478.62,0.9043,-1,-1,-1
124,2,1.55,1.08,245.29,477.98,0.8645,-1,-1,-1
124,17,203.38,22.30,82.80,409.98,0.8398,-1,-1,-1
124,5,499.49,194.03,30.09,77.76,0.6531,-1,-1,-1
124,22,1.13,75.81,38.45,402.26,0.5479,-1,-1,-1
125,1,304.80,0.58,278.35,478.78,0.9025,-1,-1,-1
125,2,0.98,1.05,248.29,478.01,0.8533,-1,-1,-1
125,17,203.47,22.71,81.84,407.01,0.8189,-1,-1,-1
125,5,500.37,193.77,29.25,77.68,0.6406,-1,-1,-1
125,22,0.71,76.47,41.22,404.46,0.5959,-1,-1,-1
125,35,561.13,201.91,16.17,37.95,0.4810,-1,-1,-1
125,29,297.62,178.50,27.23,79.09,0.3564,-1,-1,-1
126,1,305.16,0.46,276.86,479.37,0.8998,-1,-1,-1
126,2,-0.01,0.80,251.38,469.60,0.7892,-1,-1,-1
126,17,203.76,22.60,80.70,406.62,0.7895,-1,-1,-1
126,5,500.87,193.99,28.42,77.84,0.6269,-1,-1,-1
126,22,0.16,76.59,42.72,403.68,0.4500,-1,-1,-1
126,35,561.23,202.31,16.24,37.45,0.4963,-1,-1,-1
126,29,298.12,178.24,25.86,79.09,0.2942,-1,-1,-1
126,9,286.81,180.06,26.02,78.27,0.3457,-1,-1,-1
127,1,306.19,0.38,276.68,479.49,0.8968,-1,-1,-1
127,2,0.39,1.07,251.15,473.31,0.8428,-1,-1,-1
127,17,205.09,22.79,79.26,406.36,0.8087,-1,-1,-1
127,5,502.19,193.36,27.45,77.76,0.5878,-1,-1,-1
127,22,0.08,77.63,45.12,404.05,0.4094,-1,-1,-1
127,35,562.35,202.95,15.35,37.03,0.5211,-1,-1,-1
127,29,296.79,178.62,27.53,79.20,0.2797,-1,-1,-1
128,1,305.97,0.36,277.16,479.60,0.9036,-1,-1,-1
128,2,-0.17,0.77,253.94,473.69,0.8329,-1,-1,-1
128,17,204.98,22.66,79.40,407.04,0.7369,-1,-1,-1
128,5,502.77,193.88,26.74,77.05,0.6020,-1,-1,-1
128,22,-0.31,77.55,46.95,404.66,0.5861,-1,-1,-1
128,35,562.23,203.39,15.78,37.41,0.4789,-1,-1,-1
128,29,295.14,178.44,29.85,79.66,0.3225,-1,-1,-1
129,1,306.57,0.13,275.95,479.47,0.8964,-1,-1,-1
129,2,-0.28,0.72,254.45,474.23,0.8553,-1,-1,-1
129,17,204.79,22.79,79.36,407.70,0.7420,-1,-1,-1
129,5,502.93,194.01,26.51,77.12,0.5890,-1,-1,-1
129,22,-0.53,79.20,47.85,403.00,0.6338,-1,-1,-1
129,35,561.51,203.94,16.22,37.13,0.4410,-1,-1,-1
130,1,306.27,0.05,276.58,479.75,0.9090,-1,-1,-1
130,2,0.75,0.64,251.28,473.76,0.8327,-1,-1,-1
130,17,204.80,23.46,79.21,407.72,0.7662,-1,-1,-1
130,5,503.87,193.81,26.45,77.09,0.6022,-1,-1,-1
130,22,-0.60,80.04,48.91,402.15,0.6942,-1,-1,-1
130,35,561.44,203.41,16.32,37.81,0.4589,-1,-1,-1
130,9,288.76,188.94,21.13,69.26,0.3439,-1,-1,-1
131,1,306.00,0.14,276.11,479.72,0.8997,-1,-1,-1
131,2,7.97,0.60,242.13,471.97,0.8096,-1,-1,-1
131,17,204.13,23.14,79.91,406.02,0.7974,-1,-1,-1
131,5,502.64,193.72,27.45,77.59,0.6511,-1,-1,-1
131,22,-0.66,80.11,49.25,291.46,0.3753,-1,-1,-1
131,35,560.34,203.58,17.11,37.15,0.4561,-1,-1,-1
131,9,288.52,190.92,20.62,67.28,0.3437,-1,-1,-1
132,1,306.32,-0.08,274.50,480.10,0.8961,-1,-1,-1
132,2,9.73,0.44,238.36,472.26,0.7880,-1,-1,-1
132,17,202.32,22.82,81.36,406.40,0.8254,-1,-1,-1
132,5,502.47,193.10,27.51,77.84,0.6410,-1,-1,-1
132,22,-0.74,80.41,48.93,368.77,0.2870,-1,-1,-1
132,9,284.09,190.27,20.85,67.32,0.3154,-1,-1,-1
132,29,295.41,177.91,27.43,81.07,0.5026,-1,-1,-1
133,1,306.01,-0.21,273.81,478.25,0.8985,-1,-1,-1
133,2,8.79,0.32,237.45,474.76,0.8360,-1,-1,-1
133,17,201.11,22.56,82.41,407.15,0.8321,-1,-1,-1
133,5,502.13,193.03,27.95,78.41,0.5934,-1,-1,-1
133,9,281.00,188.62,21.63,67.80,0.3829,-1,-1,-1
133,29,294.64,177.96,29.05,81.00,0.5434,-1,-1,-1
134,1,305.31,-0.05,271.97,477.54,0.9034,-1,-1,-1
134,2,9.13,0.44,235.39,477.21,0.8550,-1,-1,-1
134,17,200.89,22.59,81.69,410.52,0.8371,-1,-1,-1
134,5,501.38,192.83,28.75,79.18,0.6285,-1,-1,-1
134,9,279.95,188.47,20.84,66.57,0.3152,-1,-1,-1
134,29,294.69,178.35,29.59,80.57,0.5868,-1,-1,-1
134,35,558.17,200.84,19.17,39.96,0.4410,-1,-1,-1
134,22,-0.87,81.22,47.52,391.66,0.4216,-1,-1,-1
135,1,305.87,-0.22,270.55,479.84,0.8891,-1,-1,-1
135,2,7.55,0.47,234.87,478.49,0.8785,-1,-1,-1
135,17,201.40,22.56,81.16,412.44,0.8360,-1,-1,-1
135,5,500.95,192.99,28.33,79.07,0.6259,-1,-1,-1
135,29,294.68,177.84,29.83,81.46,0.5319,-1,-1,-1
135,39,537.13,192.49,19.22,55.47,0.5086,-1,-1,-1
135,22,-0.69,80.98,44.69,395.69,0.4010,-1,-1,-1
136,1,305.61,-0.22,269.82,480.49,0.8891,-1,-1,-1
136,2,5.96,0.52,232.29,478.41,0.8581,-1,-1,-1
136,17,200.10,23.23,82.46,411.50,0.8288,-1,-1,-1
136,5,500.50,192.74,28.64,79.48,0.6364,-1,-1,-1
136,29,296.17,178.25,27.97,81.00,0.4172,-1,-1,-1
136,39,535.39,191.19,20.64,57.70,0.3690,-1,-1,-1
136,22,-0.55,79.33,43.79,395.10,0.4053,-1,-1,-1
137,1,305.54,-0.20,269.66,480.61,0.8920,-1,-1,-1
137,2,5.95,0.60,227.40,478.77,0.8566,-1,-1,-1
137,17,196.25,22.96,86.86,410.39,0.8276,-1,-1,-1
137,5,500.59,193.12,28.63,79.02,0.6001,-1,-1,-1
137,29,297.11,178.17,27.14,80.89,0.5052,-1,-1,-1
137,39,534.30,190.96,21.89,58.19,0.4986,-1,-1,-1
137,22,-0.50,80.07,41.84,392.17,0.4105,-1,-1,-1
138,1,304.22,-0.31,271.35,480.95,0.9059,-1,-1,-1
138,2,4.82,0.19,223.63,480.15,0.8711,-1,-1,-1
138,17,192.51,23.04,90.48,412.24,0.8408,-1,-1,-1
138,5,501.30,193.03,28.17,79.06,0.5734,-1,-1,-1
138,29,293.80,178.41,31.66,81.03,0.6002,-1,-1,-1
138,39,533.15,190.18,23.84,58.44,0.4706,-1,-1,-1
139,1,304.63,-0.17,272.10,480.56,0.9105,-1,-1,-1
139,2,4.00,0.21,222.52,480.11,0.8713,-1,-1,-1
139,17,190.75,22.59,92.67,411.07,0.8469,-1,-1,-1
139,5,501.76,193.47,27.81,78.33,0.5509,-1,-1,-1
139,29,292.24,178.26,33.92,81.17,0.6246,-1,-1,-1
139,39,537.70,191.25,18.83,54.10,0.2543,-1,-1,-1
139,35,556.45,201.63,17.57,40.32,0.3997,-1,-1,-1
140,1,304.98,0.35,273.56,479.66,0.9103,-1,-1,-1
140,2,2.60,0.51,220.65,479.62,0.8797,-1,-1,-1
140,17,189.29,22.42,94.64,410.78,0.8525,-1,-1,-1
140,5,502.34,193.01,27.91,78.49,0.5436,-1,-1,-1
140,29,292.41,177.51,32.92,81.90,0.6005,-1,-1,-1
140,39,539.26,191.14,17.21,51.47,0.2968,-1,-1,-1
140,35,556.27,202.95,16.76,38.94,0.3277,-1,-1,-1
141,1,304.12,0.06,275.88,476.35,0.8997,-1,-1,-1
141,2,1.64,0.75,218.44,479.05,0.8872,-1,-1,-1
141,17,187.48,21.42,96.79,411.97,0.8562,-1,-1,-1
141,5,502.13,192.84,27.59,78.34,0.5853,-1,-1,-1
141,29,292.55,178.14,32.54,80.77,0.4768,-1,-1,-1
141,39,540.45,190.65,15.77,50.82,0.2983,-1,-1,-1
141,35,555.02,203.63,15.97,38.25,0.3268,-1,-1,-1
142,1,303.89,0.22,277.09,478.19,0.9093,-1,-1,-1
142,2,1.22,0.95,216.26,479.11,0.8836,-1,-1,-1
142,17,186.90,20.88,97.42,413.16,0.8585,-1,-1,-1
142,5,502.38,192.40,27.25,78.78,0.5656,-1,-1,-1
142,29,293.62,178.21,29.55,80.34,0.4528,-1,-1,-1
142,35,555.36,203.43,17.28,38.80,0.3902,-1,-1,-1
143,1,304.83,-0.13,278.34,479.70,0.9058,-1,-1,-1
143,2,0.27,0.85,216.04,479.57,0.8861,-1,-1,-1
143,17,185.30,20.26,99.38,414.33,0.8618,-1,-1,-1
143,5,503.81,192.05,25.37,78.57,0.5970,-1,-1,-1
143,29,292.18,178.19,31.89,81.12,0.5429,-1,-1,-1
143,35,555.48,205.82,15.13,36.62,0.3286,-1,-1,-1
144,1,304.97,-0.24,281.06,480.31,0.9140,-1,-1,-1
144,2,-0.09,0.74,216.12,479.25,0.8927,-1,-1,-1
144,17,184.63,20.21,100.03,414.06,0.8556,-1,-1,-1
144,5,504.46,191.51,24.09,78.77,0.5340,-1,-1,-1
144,29,292.74,178.15,30.63,80.54,0.5565,-1,-1,-1
144,35,554.52,203.91,16.31,38.49,0.4357,-1,-1,-1
145,1,306.45,-0.31,284.74,481.09,0.9005,-1,-1,-1
145,2,-0.22,0.33,214.79,479.38,0.9011,-1,-1,-1
145,17,182.79,19.80,101.63,414.00,0.8542,-1,-1,-1
145,5,505.58,192.20,23.06,78.26,0.5526,-1,-1,-1
145,29,293.42,178.32,29.43,80.21,0.5813,-1,-1,-1
145,35,555.12,202.86,19.28,52.20,0.4485,-1,-1,-1
146,1,308.09,-0.11,285.30,480.38,0.8601,-1,-1,-1
146,2,0.20,0.70,214.44,478.20,0.8963,-1,-1,-1
146,17,182.57,19.98,102.09,412.96,0.8512,-1,-1,-1
146,29,295.21,178.14,27.32,80.29,0.6026,-1,-1,-1
147,1,318.73,-0.09,283.30,477.82,0.8399,-1,-1,-1
147,2,0.50,1.22,215.14,476.76,0.8911,-1,-1,-1
147,17,183.05,20.24,101.63,412.37,0.8538,-1,-1,-1
147,29,296.38,177.38,24.99,82.07,0.3723,-1,-1,-1
148,1,317.34,0.17,290.22,476.22,0.8729,-1,-1,-1
148,2,1.46,1.49,216.19,476.95,0.8647,-1,-1,-1
148,17,185.31,20.58,99.58,411.83,0.8583,-1,-1,-1
148,29,298.25,177.73,23.77,82.92,0.3982,-1,-1,-1
149,1,316.71,0.21,294.36,475.96,0.8849,-1,-1,-1
149,2,2.37,1.21,219.66,477.70,0.8584,-1,-1,-1
149,17,188.06,20.96,96.71,410.60,0.8564,-1,-1,-1
149,29,300.26,178.20,22.32,83.91,0.4503,-1,-1,-1
149,40,289.67,197.41,19.84,62.25,0.4409,-1,-1,-1
150,1,316.15,0.31,297.84,477.69,0.8775,-1,-1,-1
150,2,2.48,1.46,222.23,478.04,0.8666,-1,-1,-1
150,17,189.67,21.75,95.06,411.91,0.8526,-1,-1,-1
150,40,288.93,200.77,19.30,47.64,0.2917,-1,-1,-1
151,1,316.78,0.45,296.51,478.36,0.8437,-1,-1,-1
151,2,3.74,1.43,223.64,478.07,0.8561,-1,-1,-1
151,17,192.24,22.28,92.03,413.18,0.8591,-1,-1,-1
152,1,316.96,0.10,292.20,478.54,0.7839,-1,-1,-1
152,2,7.02,0.98,223.50,478.85,0.8586,-1,-1,-1
152,17,193.49,22.06,90.65,413.15,0.8665,-1,-1,-1
153,1,313.02,0.31,290.83,475.98,0.8181,-1,-1,-1
153,2,9.16,0.85,223.78,475.59,0.8399,-1,-1,-1
153,17,193.84,21.89,89.46,411.34,0.8636,-1,-1,-1
154,1,308.28,0.69,288.62,477.44,0.8766,-1,-1,-1
154,2,7.50,0.61,226.05,474.42,0.8284,-1,-1,-1
154,17,193.23,21.67,89.68,412.37,0.8523,-1,-1,-1
154,22,0.21,79.88,45.20,386.11,0.3527,-1,-1,-1
154,5,502.98,188.64,25.89,79.40,0.6720,-1,-1,-1
154,35,553.76,206.32,15.44,36.92,0.4258,-1,-1,-1
155,1,305.99,0.77,285.91,478.62,0.8916,-1,-1,-1
155,2,8.01,0.79,226.07,475.67,0.8269,-1,-1,-1
155,17,192.80,22.07,89.85,413.66,0.8441,-1,-1,-1
155,22,0.32,79.22,44.12,386.65,0.3324,-1,-1,-1
155,5,501.01,191.48,27.11,77.43,0.6320,-1,-1,-1
155,35,553.55,205.38,16.04,37.16,0.3844,-1,-1,-1
156,1,304.96,0.49,281.66,479.58,0.9024,-1,-1,-1
156,2,7.03,0.71,227.23,477.17,0.8638,-1,-1,-1
156,17,192.25,21.98,89.54,413.78,0.8660,-1,-1,-1
156,5,499.19,194.13,27.87,75.59,0.5653,-1,-1,-1
156,35,552.34,207.78,15.55,34.92,0.3116,-1,-1,-1
157,1,303.22,0.12,267.75,480.16,0.9151,-1,-1,-1
157,2,7.05,0.31,226.74,476.09,0.8367,-1,-1,-1
157,17,191.48,21.16,89.13,415.41,0.8651,-1,-1,-1
157,5,498.01,194.51,29.05,76.39,0.5832,-1,-1,-1
157,35,553.88,209.76,14.51,33.01,0.3182,-1,-1,-1
158,1,303.77,-0.16,242.11,480.59,0.9172,-1,-1,-1
158,2,6.20,-0.26,225.49,477.70,0.8401,-1,-1,-1
158,17,190.94,19.69,88.96,418.14,0.8586,-1,-1,-1
158,5,497.35,195.63,29.68,75.63,0.5185,-1,-1,-1
158,35,552.52,209.54,16.06,33.59,0.4272,-1,-1,-1
158,42,589.76,0.86,49.72,255.03,0.4965,-1,-1,-1
159,1,300.95,-0.08,224.10,480.78,0.9095,-1,-1,-1
159,2,4.42,-0.12,226.63,478.57,0.8463,-1,-1,-1
159,17,190.58,18.98,90.75,418.57,0.8466,-1,-1,-1
159,5,496.78,188.25,30.92,84.04,0.7013,-1,-1,-1
159,35,550.38,206.94,17.05,37.21,0.3318,-1,-1,-1
159,42,587.95,0.43,51.59,252.40,0.3510,-1,-1,-1
159,43,526.91,195.25,20.54,56.37,0.4933,-1,-1,-1
159,22,-0.06,76.40,39.63,393.30,0.4543,-1,-1,-1
160,1,301.63,0.22,205.29,477.33,0.9183,-1,-1,-1
160,2,0.98,0.20,227.81,479.13,0.8645,-1,-1,-1
160,17,189.86,18.61,90.72,420.04,0.8495,-1,-1,-1
160,5,496.17,186.24,31.89,86.42,0.7204,-1,-1,-1
160,35,549.20,207.40,17.95,37.68,0.2925,-1,-1,-1
160,42,585.22,0.23,54.33,252.33,0.2673,-1,-1,-1
160,43,528.27,196.85,18.78,55.81,0.2913,-1,-1,-1
160,22,-0.45,75.96,39.61,394.07,0.4342,-1,-1,-1
161,1,296.57,-0.34,203.80,480.15,0.9106,-1,-1,-1
161,2,-0.36,-0.03,228.45,480.44,0.8620,-1,-1,-1
161,17,188.81,17.76,91.33,421.55,0.8480,-1,-1,-1
161,5,495.97,186.02,32.36,86.70,0.6946,-1,-1,-1
161,42,585.39,0.24,54.71,250.58,0.3898,-1,-1,-1
161,43,526.64,197.28,17.98,55.38,0.2945,-1,-1,-1
161,22,-0.77,75.41,37.16,394.13,0.4413,-1,-1,-1
162,1,291.88,-0.13,208.11,477.24,0.9057,-1,-1,-1
162,2,-0.29,-0.15,229.58,480.03,0.8341,-1,-1,-1
162,17,188.47,15.81,93.76,422.73,0.8529,-1,-1,-1
162,5,497.21,184.57,32.51,88.13,0.7159,-1,-1,-1
162,42,588.25,0.32,52.50,248.92,0.3289,-1,-1,-1
162,43,525.67,194.28,19.06,58.11,0.4749,-1,-1,-1
162,22,-0.11,73.17,35.68,391.92,0.3495,-1,-1,-1
163,1,288.75,0.00,210.74,476.71,0.9063,-1,-1,-1
163,2,-0.95,0.06,229.26,477.48,0.8299,-1,-1,-1
163,17,187.43,15.22,94.13,426.31,0.8500,-1,-1,-1
163,5,497.10,183.90,33.58,88.78,0.7191,-1,-1,-1
163,42,589.25,0.44,51.20,248.46,0.3877,-1,-1,-1
163,22,-0.57,71.22,35.48,380.10,0.3299,-1,-1,-1
164,1,288.47,0.03,210.26,475.85,0.9039,-1,-1,-1
164,2,-1.11,0.00,226.63,476.62,0.8047,-1,-1,-1
164,17,186.36,13.59,94.20,428.76,0.8366,-1,-1,-1
164,5,496.22,182.73,33.22,89.92,0.7221,-1,-1,-1
164,22,-0.72,71.11,33.52,369.71,0.3528,-1,-1,-1
165,1,292.37,-0.15,207.01,479.20,0.9196,-1,-1,-1
165,2,-0.94,0.17,225.00,476.52,0.8194,-1,-1,-1
165,17,186.58,13.29,93.89,429.41,0.8456,-1,-1,-1
165,5,496.49,182.96,33.48,89.93,0.7144,-1,-1,-1
165,22,-0.52,75.76,30.53,353.95,0.3294,-1,-1,-1
166,1,294.86,-0.32,205.55,479.93,0.9216,-1,-1,-1
166,2,-0.22,-0.12,223.62,476.85,0.8165,-1,-1,-1
166,17,186.06,12.05,94.70,430.94,0.8412,-1,-1,-1
166,5,496.84,182.43,33.38,90.00,0.7192,-1,-1,-1
167,1,294.20,-0.15,205.84,480.32,0.9166,-1,-1,-1
167,2,-0.87,0.37,222.26,474.41,0.7956,-1,-1,-1
167,17,184.45,10.97,94.97,432.61,0.8182,-1,-1,-1
167,5,496.08,183.13,33.94,89.44,0.7212,-1,-1,-1
168,1,293.51,-0.16,206.21,480.13,0.9129,-1,-1,-1
168,2,-0.61,0.43,221.43,474.35,0.8193,-1,-1,-1
168,17,183.56,10.47,95.18,432.80,0.8436,-1,-1,-1
168,5,495.88,182.61,34.24,89.63,0.7227,-1,-1,-1
168,45,547.46,201.16,20.64,44.65,0.3971,-1,-1,-1
169,1,288.36,0.87,211.72,475.69,0.9026,-1,-1,-1
169,2,-0.14,0.72,221.00,473.93,0.7547,-1,-1,-1
169,17,183.21,10.54,96.06,433.50,0.8432,-1,-1,-1
169,5,496.33,183.34,33.84,89.38,0.7323,-1,-1,-1
169,45,548.08,202.54,20.26,42.67,0.3257,-1,-1,-1
170,1,282.96,0.85,216.82,474.92,0.8991,-1,-1,-1
170,2,-0.25,0.15,220.05,472.97,0.7600,-1,-1,-1
170,17,182.81,9.86,96.10,435.86,0.8438,-1,-1,-1
170,5,496.47,183.10,33.79,90.02,0.7139,-1,-1,-1
170,43,526.55,188.80,17.74,63.80,0.3592,-1,-1,-1
171,1,280.13,1.04,218.88,474.06,0.9022,-1,-1,-1
171,2,0.10,0.25,218.92,472.89,0.7945,-1,-1,-1
171,17,182.27,9.90,96.46,436.70,0.8462,-1,-1,-1
172,1,280.70,0.98,219.19,474.53,0.8971,-1,-1,-1
172,2,0.22,0.57,219.15,474.41,0.8448,-1,-1,-1
172,17,182.43,9.93,97.04,437.52,0.8467,-1,-1,-1
173,1,280.60,1.09,220.20,472.39,0.8991,-1,-1,-1
173,2,-0.12,2.50,221.74,472.57,0.8155,-1,-1,-1
173,17,180.78,10.86,101.06,434.24,0.8485,-1,-1,-1
174,1,281.36,1.23,217.64,474.21,0.9030,-1,-1,-1
174,2,-0.02,1.52,219.84,473.72,0.8274,-1,-1,-1
174,17,180.54,10.70,99.66,435.07,0.8488,-1,-1,-1
175,1,280.51,1.32,218.66,475.60,0.8518,-1,-1,-1
175,2,-0.01,1.37,219.61,475.21,0.8592,-1,-1,-1
175,17,179.82,11.23,100.94,439.80,0.8492,-1,-1,-1
176,1,282.80,0.43,216.57,478.36,0.8983,-1,-1,-1
176,2,0.20,0.39,219.20,476.78,0.8271,-1,-1,-1
176,17,180.63,11.19,100.35,440.08,0.8400,-1,-1,-1
177,1,283.61,1.03,214.19,476.58,0.8925,-1,-1,-1
177,2,1.41,-0.47,216.75,475.53,0.7940,-1,-1,-1
177,17,181.85,11.58,97.24,439.28,0.8551,-1,-1,-1
178,1,283.13,0.92,215.35,476.59,0.9043,-1,-1,-1
178,2,2.23,-0.37,215.49,475.77,0.8280,-1,-1,-1
178,17,181.64,11.54,97.47,436.41,0.8604,-1,-1,-1
178,45,547.36,202.89,18.87,42.89,0.5523,-1,-1,-1
178,5,495.58,183.05,34.65,89.33,0.7167,-1,-1,-1
179,1,272.44,0.62,227.24,477.16,0.8599,-1,-1,-1
179,2,0.91,-0.29,217.00,476.12,0.8366,-1,-1,-1
179,17,181.25,11.17,98.00,439.30,0.8657,-1,-1,-1
179,45,548.53,204.21,18.16,41.61,0.4060,-1,-1,-1
179,5,496.33,183.29,34.03,89.60,0.7313,-1,-1,-1
180,1,279.55,0.07,221.16,478.82,0.9031,-1,-1,-1
180,2,0.65,-0.25,217.72,477.37,0.8417,-1,-1,-1
180,17,181.03,11.09,98.53,438.73,0.8560,-1,-1,-1
180,45,549.89,205.82,17.37,40.51,0.3466,-1,-1,-1
180,5,496.79,183.33,33.49,89.57,0.7044,-1,-1,-1
181,1,281.00,0.22,220.57,479.55,0.9067,-1,-1,-1
181,2,0.40,0.21,218.10,476.96,0.8206,-1,-1,-1
181,17,181.87,11.69,97.66,437.91,0.8607,-1,-1,-1
181,45,550.13,206.65,17.23,40.17,0.3743,-1,-1,-1
181,5,496.92,183.63,33.03,89.41,0.7025,-1,-1,-1
182,1,282.11,0.26,220.47,477.12,0.9032,-1,-1,-1
182,2,0.20,-0.25,217.49,475.51,0.8315,-1,-1,-1
182,17,181.58,11.00,97.04,436.57,0.8435,-1,-1,-1
182,45,549.43,206.77,16.01,40.22,0.2835,-1,-1,-1
182,5,496.76,183.76,32.61,88.88,0.7112,-1,-1,-1
183,1,282.89,0.34,220.90,476.53,0.9035,-1,-1,-1
183,2,0.22,-0.02,218.19,476.06,0.8451,-1,-1,-1
183,17,182.04,11.27,96.49,436.37,0.8514,-1,-1,-1
183,45,549.17,206.32,15.90,40.43,0.3510,-1,-1,-1
183,5,497.20,184.38,31.56,88.17,0.7189,-1,-1,-1
184,1,284.73,0.64,220.92,475.91,0.9052,-1,-1,-1
184,2,0.34,0.25,218.39,475.49,0.8220,-1,-1,-1
184,17,181.68,11.41,97.01,435.88,0.8483,-1,-1,-1
184,45,549.67,205.99,17.40,41.03,0.2842,-1,-1,-1
184,5,498.12,184.33,30.25,88.44,0.7044,-1,-1,-1
184,46,524.08,187.73,25.20,69.43,0.5913,-1,-1,-1
185,1,287.63,0.74,219.83,475.33,0.8970,-1,-1,-1
185,2,0.23,0.34,218.58,475.63,0.8311,-1,-1,-1
185,17,181.18,11.50,97.45,435.65,0.8490,-1,-1,-1
185,45,548.20,204.01,18.02,43.22,0.3309,-1,-1,-1
185,5,498.77,184.54,29.53,87.88,0.7017,-1,-1,-1
185,46,523.36,188.80,25.49,67.50,0.4258,-1,-1,-1
186,1,292.73,0.97,216.36,474.87,0.9137,-1,-1,-1
186,2,0.17,0.29,218.72,476.43,0.8593,-1,-1,-1
186,17,181.36,11.40,97.33,436.00,0.8525,-1,-1,-1
186,45,548.65,204.80,18.06,42.62,0.3171,-1,-1,-1
186,5,499.05,185.30,28.84,86.61,0.6988,-1,-1,-1
186,46,522.92,188.12,23.33,68.35,0.5184,-1,-1,-1
187,1,294.33,1.08,215.73,474.83,0.9097,-1,-1,-1
187,2,-0.02,0.36,218.83,476.16,0.8708,-1,-1,-1
187,17,181.93,11.47,96.58,435.98,0.8491,-1,-1,-1
187,45,548.62,204.34,17.53,42.89,0.2975,-1,-1,-1
187,5,499.40,185.66,28.12,85.74,0.6706,-1,-1,-1
187,46,522.76,191.01,21.29,65.65,0.5338,-1,-1,-1
188,1,295.77,0.99,214.58,474.50,0.9124,-1,-1,-1
188,2,-0.03,0.31,218.75,476.15,0.8590,-1,-1,-1
188,17,181.37,11.32,97.06,435.84,0.8515,-1,-1,-1
188,45,549.27,205.90,16.73,41.40,0.3245,-1,-1,-1
188,5,499.82,185.45,27.97,86.17,0.6809,-1,-1,-1
188,46,522.58,192.04,19.65,66.82,0.4157,-1,-1,-1
189,1,296.73,0.88,213.47,474.15,0.9132,-1,-1,-1
189,2,0.05,0.16,218.62,475.83,0.8383,-1,-1,-1
189,17,181.39,10.96,96.77,435.97,0.8536,-1,-1,-1
189,5,499.69,184.87,28.36,86.78,0.6820,-1,-1,-1
189,46,523.46,190.30,19.98,69.07,0.5306,-1,-1,-1
190,1,296.87,0.81,213.26,474.51,0.9129,-1,-1,-1
190,2,0.00,0.20,218.54,475.59,0.8498,-1,-1,-1
190,17,181.58,10.97,96.44,435.16,0.8423,-1,-1,-1
190,5,499.33,185.38,28.71,86.11,0.6711,-1,-1,-1
190,46,523.33,189.43,19.92,70.39,0.5004,-1,-1,-1
191,1,296.95,0.96,212.79,474.56,0.9146,-1,-1,-1
191,2,-0.02,0.36,218.38,475.69,0.8552,-1,-1,-1
191,17,181.48,10.92,96.49,435.61,0.8468,-1,-1,-1
191,5,499.00,185.07,29.14,86.94,0.6865,-1,-1,-1
191,46,524.35,189.56,20.62,70.03,0.4338,-1,-1,-1
191,48,294.45,178.06,22.98,78.29,0.5033,-1,-1,-1
192,1,296.19,0.96,213.53,474.45,0.9103,-1,-1,-1
192,2,-0.07,0.37,218.36,475.65,0.8473,-1,-1,-1
192,17,180.96,11.01,97.16,435.71,0.8523,-1,-1,-1
192,5,498.89,184.71,29.31,86.98,0.6716,-1,-1,-1
192,46,525.19,189.15,21.90,71.21,0.2815,-1,-1,-1
192,48,294.33,178.30,23.04,77.71,0.4818,-1,-1,-1
193,1,295.11,0.82,214.54,474.55,0.9086,-1,-1,-1
193,2,-0.10,0.36,218.03,474.83,0.8335,-1,-1,-1
193,17,181.15,11.10,96.92,436.19,0.8511,-1,-1,-1
193,5,498.92,184.81,29.12,87.31,0.6919,-1,-1,-1
193,46,525.06,189.08,23.80,71.89,0.3441,-1,-1,-1
193,48,293.35,177.51,23.74,77.70,0.3567,-1,-1,-1
194,1,291.88,0.55,217.47,475.40,0.8972,-1,-1,-1
194,2,-0.01,0.26,217.45,475.57,0.8347,-1,-1,-1
194,17,180.47,10.95,97.40,436.67,0.8552,-1,-1,-1
194,5,499.11,184.71,28.98,87.58,0.6949,-1,-1,-1
194,46,523.76,188.89,25.88,72.80,0.3116,-1,-1,-1
195,1,287.32,0.36,221.59,476.04,0.8812,-1,-1,-1
195,2,-0.19,0.29,217.18,475.79,0.8490,-1,-1,-1
195,17,179.91,10.83,97.39,436.95,0.8556,-1,-1,-1
195,5,498.77,184.33,28.64,88.22,0.6763,-1,-1,-1
195,46,525.24,190.34,26.80,71.82,0.2969,-1,-1,-1
196,1,283.89,0.42,225.06,476.28,0.8901,-1,-1,-1
196,2,-0.07,0.41,216.96,474.79,0.7973,-1,-1,-1
196,17,179.05,10.90,98.45,437.02,0.8553,-1,-1,-1
196,5,499.32,183.87,28.73,88.87,0.6643,-1,-1,-1
196,46,526.04,190.16,28.15,72.05,0.3361,-1,-1,-1
197,1,281.72,0.46,228.03,476.66,0.8978,-1,-1,-1
197,2,-0.04,0.53,217.30,474.51,0.8443,-1,-1,-1
197,17,178.23,10.55,99.25,437.54,0.8517,-1,-1,-1
197,5,499.18,184.27,29.10,88.21,0.6447,-1,-1,-1
197,46,526.46,189.83,27.54,72.98,0.3969,-1,-1,-1
198,1,280.67,0.63,228.53,476.26,0.9113,-1,-1,-1
198,2,-0.18,0.55,216.67,474.66,0.8636,-1,-1,-1
198,17,177.19,10.47,99.09,438.29,0.8590,-1,-1,-1
198,5,498.94,184.63,29.75,87.88,0.6915,-1,-1,-1
198,46,526.99,188.77,33.58,74.49,0.3527,-1,-1,-1
199,1,279.15,0.53,229.73,476.75,0.9094,-1,-1,-1
199,2,-0.45,1.07,216.70,474.01,0.8072,-1,-1,-1
199,17,175.82,10.93,98.81,438.17,0.8502,-1,-1,-1
199,5,498.16,184.64,30.43,86.94,0.6871,-1,-1,-1
199,46,525.35,187.22,30.15,76.04,0.4133,-1,-1,-1
199,45,540.26,187.81,23.18,72.91,0.3555,-1,-1,-1
200,1,277.18,0.61,231.49,476.15,0.9050,-1,-1,-1
200,2,-0.38,3.83,216.52,470.78,0.7861,-1,-1,-1
200,17,174.60,11.59,97.44,437.97,0.8485,-1,-1,-1
200,5,498.04,184.97,30.70,87.17,0.7191,-1,-1,-1
200,46,527.85,186.09,34.19,75.15,0.4081,-1,-1,-1
200,45,533.14,186.01,31.19,74.69,0.4081,-1,-1,-1
201,1,274.53,0.18,233.37,478.81,0.9075,-1,-1,-1
201,2,-0.41,3.51,216.54,470.92,0.7750,-1,-1,-1
201,17,170.75,12.49,98.66,438.61,0.8344,-1,-1,-1
201,5,497.52,185.14,30.38,87.36,0.7009,-1,-1,-1
202,1,272.95,0.03,234.18,479.99,0.9087,-1,-1,-1
202,2,-0.73,6.11,217.02,469.69,0.7269,-1,-1,-1
202,17,165.52,14.43,100.22,437.03,0.8103,-1,-1,-1
202,5,497.16,185.33,30.10,87.32,0.6884,-1,-1,-1
202,46,525.56,188.38,28.97,75.70,0.3470,-1,-1,-1
203,1,272.62,0.05,233.78,479.19,0.8960,-1,-1,-1
203,2,-0.35,12.04,215.50,463.98,0.6432,-1,-1,-1
203,17,158.28,16.25,104.56,433.96,0.7759,-1,-1,-1
203,5,496.86,185.02,29.90,87.89,0.7030,-1,-1,-1
203,46,524.56,188.23,28.13,76.61,0.5196,-1,-1,-1
204,1,271.99,0.74,233.73,476.05,0.8902,-1,-1,-1
204,2,-0.59,5.78,215.18,467.67,0.6962,-1,-1,-1
204,17,155.42,18.50,103.57,424.49,0.8094,-1,-1,-1
204,5,495.38,185.94,29.78,87.31,0.7610,-1,-1,-1
204,46,521.05,189.09,30.37,76.79,0.5677,-1,-1,-1
205,1,271.73,0.74,234.57,474.83,0.8818,-1,-1,-1
205,2,-0.24,2.41,214.39,469.45,0.6692,-1,-1,-1
205,17,153.80,20.12,99.72,416.45,0.8102,-1,-1,-1
205,5,495.94,186.36,28.99,86.47,0.7396,-1,-1,-1
205,46,521.65,188.30,30.20,78.11,0.5854,-1,-1,-1
206,1,269.70,0.62,236.69,474.38,0.8896,-1,-1,-1
206,2,-0.35,1.97,213.04,470.76,0.6222,-1,-1,-1
206,17,152.59,22.44,96.95,409.29,0.7806,-1,-1,-1
206,5,495.33,186.41,29.25,85.77,0.7051,-1,-1,-1
206,46,522.94,187.20,29.79,78.31,0.4710,-1,-1,-1
207,1,270.37,0.88,235.85,474.02,0.8838,-1,-1,-1
207,2,-0.32,2.19,212.12,469.87,0.5666,-1,-1,-1
207,17,154.07,24.65,93.84,399.43,0.7154,-1,-1,-1
207,5,494.98,186.08,28.86,86.02,0.7399,-1,-1,-1
207,46,520.42,185.96,30.86,79.55,0.5179,-1,-1,-1
208,1,265.25,0.59,241.29,474.59,0.8869,-1,-1,-1
208,2,-0.15,0.83,211.22,472.56,0.7748,-1,-1,-1
208,17,161.91,28.69,87.75,381.24,0.7922,-1,-1,-1
208,5,493.87,186.36,29.50,86.72,0.7037,-1,-1,-1
208,46,519.60,186.51,33.53,78.78,0.4415,-1,-1,-1
209,1,262.30,0.81,244.71,474.94,0.8913,-1,-1,-1
209,2,0.25,0.42,209.49,473.68,0.7688,-1,-1,-1
209,17,167.53,32.63,82.63,368.49,0.7931,-1,-1,-1
209,5,494.22,186.16,29.18,86.71,0.7292,-1,-1,-1
209,46,520.59,186.06,33.81,80.93,0.4602,-1,-1,-1
210,1,257.77,0.97,248.23,475.68,0.8626,-1,-1,-1
210,2,0.13,1.11,206.02,474.03,0.8731,-1,-1,-1
210,17,171.32,41.94,80.25,355.68,0.8382,-1,-1,-1
210,5,492.89,185.79,30.13,87.72,0.7283,-1,-1,-1
210,46,519.93,186.23,27.86,80.84,0.4350,-1,-1,-1
211,1,263.78,1.13,241.67,476.24,0.8113,-1,-1,-1
211,2,0.17,1.27,202.47,475.22,0.8799,-1,-1,-1
211,17,171.96,47.07,82.70,349.10,0.8474,-1,-1,-1
211,5,492.04,184.26,31.11,89.10,0.7399,-1,-1,-1
211,46,523.32,185.33,25.62,80.75,0.4119,-1,-1,-1
212,1,263.29,1.60,241.72,476.25,0.8355,-1,-1,-1
212,2,-0.16,1.63,199.08,473.25,0.8260,-1,-1,-1
212,17,170.38,53.58,89.74,344.40,0.8593,-1,-1,-1
212,5,491.08,185.62,30.57,89.41,0.7197,-1,-1,-1
212,46,524.30,186.68,31.36,79.56,0.3879,-1,-1,-1
213,1,255.10,1.21,248.56,477.17,0.8697,-1,-1,-1
213,2,-0.50,2.13,191.71,473.98,0.7969,-1,-1,-1
213,17,168.15,54.69,98.99,342.98,0.8614,-1,-1,-1
213,5,490.11,184.94,29.81,89.55,0.6653,-1,-1,-1
213,46,522.06,186.11,27.12,80.10,0.4450,-1,-1,-1
214,1,253.68,1.29,247.48,476.63,0.8787,-1,-1,-1
214,2,-0.31,1.74,185.94,475.98,0.8096,-1,-1,-1
214,17,159.38,56.93,114.21,348.81,0.8709,-1,-1,-1
214,5,489.48,184.85,29.10,89.88,0.7140,-1,-1,-1
214,46,518.94,185.51,26.81,82.21,0.5564,-1,-1,-1
215,1,254.78,1.09,244.10,475.55,0.8978,-1,-1,-1
215,2,0.31,1.02,183.09,476.24,0.7638,-1,-1,-1
215,17,160.55,57.83,117.55,345.05,0.8818,-1,-1,-1
215,5,486.63,184.99,31.77,89.65,0.7066,-1,-1,-1
215,46,517.06,184.82,26.55,83.25,0.5473,-1,-1,-1
216,1,255.28,0.52,240.70,475.87,0.8769,-1,-1,-1
216,2,0.82,0.36,179.25,474.80,0.7176,-1,-1,-1
216,17,165.39,59.54,116.17,340.83,0.8860,-1,-1,-1
216,5,487.26,184.53,29.49,89.94,0.7329,-1,-1,-1
216,46,521.61,186.80,20.49,79.52,0.4099,-1,-1,-1
216,50,537.21,197.86,20.68,53.43,0.4393,-1,-1,-1
217,1,278.18,1.10,216.35,477.16,0.8183,-1,-1,-1
217,2,1.65,0.20,177.68,475.84,0.8026,-1,-1,-1
217,17,169.42,61.95,115.77,337.96,0.8841,-1,-1,-1
217,5,485.99,183.03,30.81,91.09,0.7294,-1,-1,-1
217,46,522.45,185.58,19.11,79.62,0.5048,-1,-1,-1
217,50,537.91,196.64,19.57,54.25,0.4278,-1,-1,-1
218,1,269.31,2.49,221.45,476.50,0.7992,-1,-1,-1
218,2,2.57,1.64,178.39,475.71,0.7906,-1,-1,-1
218,17,173.36,68.75,114.72,330.91,0.8689,-1,-1,-1
218,5,482.96,182.80,31.06,93.41,0.7213,-1,-1,-1
218,46,521.64,189.85,18.35,76.64,0.3865,-1,-1,-1
218,50,537.43,198.60,19.52,52.57,0.2767,-1,-1,-1
219,1,287.14,1.83,201.26,477.07,0.8272,-1,-1,-1
219,2,3.23,1.46,179.77,474.49,0.8156,-1,-1,-1
219,17,180.18,74.35,111.71,324.90,0.8703,-1,-1,-1
219,5,481.86,181.53,30.82,93.85,0.7533,-1,-1,-1
219,46,510.94,186.81,26.58,80.95,0.4128,-1,-1,-1
219,50,535.76,198.61,21.05,53.43,0.3229,-1,-1,-1
220,1,293.28,8.89,191.95,468.70,0.7502,-1,-1,-1
220,2,4.55,2.32,182.68,472.92,0.8105,-1,-1,-1
220,17,186.93,80.62,107.13,316.27,0.8613,-1,-1,-1
220,5,480.70,181.37,30.86,94.86,0.7701,-1,-1,-1
220,46,509.83,185.92,27.10,83.03,0.5773,-1,-1,-1
220,50,536.56,197.96,21.68,54.27,0.3200,-1,-1,-1
221,1,278.09,19.41,208.11,458.74,0.8683,-1,-1,-1
221,2,4.19,2.99,188.53,472.64,0.7595,-1,-1,-1
221,17,190.96,87.81,105.08,303.24,0.8713,-1,-1,-1
221,5,482.90,182.20,27.40,93.75,0.7413,-1,-1,-1
221,46,507.69,185.47,28.71,83.83,0.6150,-1,-1,-1
221,50,537.58,199.75,21.44,52.68,0.3590,-1,-1,-1
222,1,282.52,26.19,208.54,451.13,0.9130,-1,-1,-1
222,2,4.10,3.25,195.30,474.03,0.5482,-1,-1,-1
222,17,197.40,91.02,103.37,291.36,0.8688,-1,-1,-1
222,5,486.29,182.01,25.07,92.03,0.6505,-1,-1,-1
222,46,507.52,182.67,30.08,85.46,0.6739,-1,-1,-1
222,50,539.06,201.93,21.29,50.22,0.4664,-1,-1,-1
223,1,288.97,31.17,205.59,446.27,0.8906,-1,-1,-1
223,2,3.83,1.46,205.28,471.17,0.7694,-1,-1,-1
223,17,203.49,93.02,98.35,276.13,0.8623,-1,-1,-1
223,5,488.36,181.72,22.52,95.43,0.4524,-1,-1,-1
223,46,506.79,182.57,29.62,87.08,0.4495,-1,-1,-1
223,50,538.43,202.74,21.88,49.67,0.5080,-1,-1,-1
224,1,291.55,34.55,204.33,443.96,0.9124,-1,-1,-1
224,2,2.40,0.78,211.92,473.04,0.6642,-1,-1,-1
224,17,208.13,95.23,94.11,270.19,0.8636,-1,-1,-1
224,5,488.71,182.01,22.91,95.52,0.5208,-1,-1,-1
224,46,507.75,184.28,26.90,86.84,0.3165,-1,-1,-1
224,50,538.15,202.84,22.04,50.35,0.5157,-1,-1,-1
225,1,293.45,38.42,202.30,439.32,0.9179,-1,-1,-1
225,2,2.42,0.66,217.53,474.98,0.8392,-1,-1,-1
225,17,214.01,100.82,90.46,264.55,0.8740,-1,-1,-1
225,5,487.22,183.03,26.72,94.86,0.6243,-1,-1,-1
225,46,508.02,187.88,22.33,83.24,0.2732,-1,-1,-1
225,50,538.63,201.36,22.43,52.17,0.5121,-1,-1,-1
226,1,295.34,42.74,195.73,436.15,0.9127,-1,-1,-1
226,2,1.47,1.88,224.17,473.75,0.8229,-1,-1,-1
226,17,219.29,106.74,86.78,259.48,0.8761,-1,-1,-1
226,5,485.42,181.08,28.96,97.26,0.6673,-1,-1,-1
226,46,509.83,189.12,21.57,82.72,0.4362,-1,-1,-1
226,50,539.02,201.79,23.07,53.05,0.5074,-1,-1,-1
227,1,298.11,48.94,186.42,431.09,0.9026,-1,-1,-1
227,2,0.58,2.10,226.64,474.73,0.8159,-1,-1,-1
227,17,222.02,111.50,86.51,250.66,0.8699,-1,-1,-1
227,5,482.11,181.08,31.71,99.38,0.7179,-1,-1,-1
227,46,509.53,189.41,21.44,83.48,0.4042,-1,-1,-1
227,50,539.26,201.97,22.44,53.71,0.5437,-1,-1,-1
228,1,301.60,54.13,176.15,425.58,0.9124,-1,-1,-1
228,2,0.01,1.67,230.39,475.67,0.9135,-1,-1,-1
228,17,228.92,112.64,84.40,245.45,0.8428,-1,-1,-1
228,5,481.58,180.81,33.38,101.87,0.7388,-1,-1,-1
228,46,509.99,187.06,21.71,85.89,0.3751,-1,-1,-1
228,50,541.12,202.14,21.75,54.65,0.5633,-1,-1,-1
229,1,305.58,60.99,162.59,419.80,0.9038,-1,-1,-1
229,2,0.69,2.33,227.91,475.93,0.9023,-1,-1,-1
229,17,235.56,112.54,85.05,234.08,0.8608,-1,-1,-1
229,5,483.47,183.62,32.50,101.56,0.6981,-1,-1,-1
229,50,542.62,201.60,23.10,57.14,0.5926,-1,-1,-1
230,1,308.35,65.52,153.79,414.87,0.8855,-1,-1,-1
230,2,-0.49,1.67,226.08,477.81,0.8908,-1,-1,-1
230,17,239.01,111.87,84.59,229.45,0.8486,-1,-1,-1
230,5,484.91,183.29,32.46,102.80,0.6962,-1,-1,-1
230,50,544.79,200.35,22.06,58.66,0.6460,-1,-1,-1
230,53,454.92,169.05,32.10,122.34,0.6901,-1,-1,-1
231,1,308.61,66.41,149.17,414.02,0.8866,-1,-1,-1
231,2,-1.43,3.22,225.33,474.06,0.7200,-1,-1,-1
231,17,243.71,111.18,83.88,227.95,0.8647,-1,-1,-1
231,5,487.80,182.92,30.79,103.40,0.7233,-1,-1,-1
231,50,550.10,199.25,22.40,59.26,0.6640,-1,-1,-1
231,53,453.77,165.93,36.91,125.58,0.7728,-1,-1,-1
231,46,514.53,185.51,22.62,88.43,0.4094,-1,-1,-1
232,1,320.94,66.38,138.37,414.01,0.8691,-1,-1,-1
232,2,-0.93,3.98,223.84,474.96,0.8021,-1,-1,-1
232,17,250.48,113.16,81.77,226.78,0.8517,-1,-1,-1
232,5,492.86,183.04,27.07,102.72,0.6563,-1,-1,-1
232,50,553.26,199.50,25.36,60.47,0.5282,-1,-1,-1
232,53,455.97,163.30,41.06,129.79,0.7573,-1,-1,-1
232,54,577.81,155.75,62.64,190.65,0.6592,-1,-1,-1
232,46,515.47,184.56,24.31,91.52,0.5437,-1,-1,-1
233,1,331.43,65.24,131.39,415.41,0.8699,-1,-1,-1
233,2,0.56,1.38,222.02,473.92,0.5810,-1,-1,-1
233,17,258.23,117.09,79.20,223.48,0.8270,-1,-1,-1
233,5,501.64,180.21,21.73,100.35,0.3929,-1,-1,-1
233,50,558.43,199.29,25.44,61.54,0.6117,-1,-1,-1
233,53,465.06,160.54,39.58,133.22,0.6889,-1,-1,-1
233,54,578.40,162.15,62.88,190.78,0.3391,-1,-1,-1
233,46,521.65,184.89,21.64,92.42,0.5433,-1,-1,-1
234,1,327.56,68.81,152.89,412.09,0.8999,-1,-1,-1
234,2,0.84,0.02,223.03,473.61,0.6604,-1,-1,-1
234,17,265.93,120.22,76.35,218.17,0.8079,-1,-1,-1
234,50,566.23,201.66,22.76,59.39,0.5038,-1,-1,-1
234,53,475.52,159.80,38.36,133.39,0.5218,-1,-1,-1
234,54,585.13,166.75,56.11,210.24,0.4554,-1,-1,-1
234,46,522.26,184.74,24.69,92.88,0.4931,-1,-1,-1
235,1,335.00,73.46,161.71,407.63,0.8958,-1,-1,-1
235,2,5.68,-0.62,220.78,477.81,0.8443,-1,-1,-1
235,17,272.07,121.84,76.31,213.68,0.8104,-1,-1,-1
235,50,571.55,200.10,26.37,62.45,0.4993,-1,-1,-1
235,53,484.47,159.12,37.37,131.46,0.3937,-1,-1,-1
235,46,527.71,186.83,23.67,93.16,0.4074,-1,-1,-1
236,1,342.92,78.11,166.39,402.59,0.8977,-1,-1,-1
236,2,7.79,-0.45,222.94,478.30,0.8866,-1,-1,-1
236,17,279.43,119.41,73.96,207.12,0.7916,-1,-1,-1
236,50,576.39,194.16,28.33,67.74,0.5551,-1,-1,-1
236,53,501.64,168.75,31.41,119.89,0.3169,-1,-1,-1
236,46,531.39,190.46,25.32,88.32,0.4800,-1,-1,-1
236,55,1.31,114.01,43.45,216.65,0.5003,-1,-1,-1
236,54,608.06,169.72,32.69,263.74,0.5690,-1,-1,-1
237,1,359.76,86.73,165.22,395.84,0.9058,-1,-1,-1
237,2,10.17,4.50,229.41,476.42,0.8752,-1,-1,-1
237,17,288.63,120.61,73.85,204.37,0.8394,-1,-1,-1
237,50,586.72,194.94,27.97,69.49,0.5668,-1,-1,-1
237,46,542.30,187.20,21.20,94.19,0.4478,-1,-1,-1
237,55,2.84,119.85,53.78,160.50,0.5859,-1,-1,-1
237,54,611.61,195.01,29.20,275.94,0.6431,-1,-1,-1
238,1,371.38,86.93,164.29,394.21,0.9026,-1,-1,-1
238,2,10.37,6.32,235.02,474.65,0.8706,-1,-1,-1
238,17,292.11,120.70,75.93,202.02,0.8212,-1,-1,-1
238,50,591.03,194.76,29.25,69.06,0.5369,-1,-1,-1
238,46,546.44,185.82,20.81,96.61,0.3524,-1,-1,-1
238,55,1.61,117.22,64.34,154.39,0.4626,-1,-1,-1
238,54,610.78,204.29,29.59,278.38,0.5991,-1,-1,-1
238,56,242.11,170.40,30.78,103.20,0.5701,-1,-1,-1
239,1,387.98,88.70,160.44,391.78,0.8984,-1,-1,-1
239,2,6.02,11.97,246.80,469.38,0.8337,-1,-1,-1
239,17,304.10,123.91,69.22,198.61,0.7860,-1,-1,-1
239,50,597.52,197.63,29.95,65.72,0.3590,-1,-1,-1
239,54,602.91,212.28,38.64,273.81,0.3971,-1,-1,-1
239,56,248.42,165.16,32.64,112.90,0.5147,-1,-1,-1
239,57,366.23,175.85,22.88,86.90,0.5241,-1,-1,-1
240,1,397.67,86.04,161.54,378.12,0.8860,-1,-1,-1
240,2,14.09,14.18,247.49,464.98,0.7606,-1,-1,-1
240,17,306.90,124.02,69.48,194.25,0.7561,-1,-1,-1
240,50,599.64,190.23,31.45,70.48,0.5210,-1,-1,-1
240,56,252.97,159.06,37.21,116.59,0.7075,-1,-1,-1
240,57,367.97,178.78,24.44,81.38,0.4230,-1,-1,-1
241,1,407.93,84.36,156.71,375.56,0.8927,-1,-1,-1
241,2,4.19,14.37,260.62,462.01,0.7141,-1,-1,-1
241,17,309.20,123.58,74.06,192.95,0.7989,-1,-1,-1
241,50,599.40,194.77,31.22,62.04,0.3109,-1,-1,-1
241,57,366.74,180.65,24.29,79.63,0.3866,-1,-1,-1
242,1,413.14,86.71,150.91,375.02,0.8769,-1,-1,-1
242,2,31.55,11.38,238.71,466.54,0.8343,-1,-1,-1
242,17,297.12,122.82,87.10,191.17,0.8221,-1,-1,-1
242,60,392.86,180.20,24.86,80.75,0.5069,-1,-1,-1
242,55,21.98,114.57,83.38,139.43,0.4010,-1,-1,-1
242,54,590.78,177.70,47.52,307.53,0.7150,-1,-1,-1
243,1,415.45,88.77,146.99,377.31,0.8920,-1,-1,-1
243,2,45.08,8.61,229.44,468.75,0.8378,-1,-1,-1
243,17,301.31,122.36,81.78,188.50,0.8472,-1,-1,-1
243,60,391.60,180.71,26.24,80.90,0.5727,-1,-1,-1
243,61,8.61,115.38,102.21,325.56,0.3915,-1,-1,-1
243,54,577.96,75.26,58.52,408.93,0.7338,-1,-1,-1
244,1,422.42,91.09,142.37,375.85,0.8873,-1,-1,-1
244,2,67.23,8.68,213.03,466.80,0.7835,-1,-1,-1
244,17,311.63,121.87,71.31,187.42,0.7005,-1,-1,-1
244,60,393.16,179.55,25.58,82.63,0.5854,-1,-1,-1
244,54,553.06,30.22,82.11,453.71,0.8332,-1,-1,-1
244,62,12.62,168.42,54.95,85.77,0.7447,-1,-1,-1
245,1,426.97,89.14,137.13,379.79,0.8594,-1,-1,-1
245,2,69.12,10.65,214.59,453.55,0.8552,-1,-1,-1
245,17,310.81,121.74,72.17,189.45,0.7877,-1,-1,-1
245,60,391.69,179.24,25.84,82.52,0.6204,-1,-1,-1
245,54,534.80,7.53,100.41,474.76,0.7258,-1,-1,-1
245,63,413.31,173.20,30.37,106.02,0.4902,-1,-1,-1
246,1,431.85,87.16,125.61,378.59,0.8571,-1,-1,-1
246,2,72.60,10.72,214.64,460.82,0.9022,-1,-1,-1
246,17,307.18,121.08,75.00,188.56,0.8129,-1,-1,-1
246,60,388.46,175.34,27.80,85.74,0.5734,-1,-1,-1
246,54,527.11,-0.18,108.51,480.86,0.7496,-1,-1,-1
246,63,411.35,169.63,37.14,108.67,0.7345,-1,-1,-1
247,1,435.06,86.18,119.68,365.72,0.8353,-1,-1,-1
247,2,78.38,12.47,210.73,460.77,0.9034,-1,-1,-1
247,17,306.32,122.35,73.83,187.42,0.8134,-1,-1,-1
247,60,386.05,175.47,27.04,84.82,0.6345,-1,-1,-1
247,54,506.43,-3.43,128.89,482.13,0.8081,-1,-1,-1
247,63,408.61,170.69,35.49,106.73,0.7496,-1,-1,-1
248,1,437.12,87.63,125.42,356.60,0.8476,-1,-1,-1
248,2,85.77,10.09,203.88,466.25,0.8323,-1,-1,-1
248,17,306.48,122.77,73.21,188.43,0.8410,-1,-1,-1
248,60,384.33,174.67,27.96,86.83,0.6754,-1,-1,-1
248,54,512.83,-2.24,122.84,483.98,0.8615,-1,-1,-1
248,63,407.84,171.80,34.73,107.63,0.7694,-1,-1,-1
248,68,27.76,195.01,18.77,38.79,0.6141,-1,-1,-1
248,69,285.66,169.02,28.12,93.02,0.5163,-1,-1,-1
249,1,445.81,87.47,122.16,357.89,0.7634,-1,-1,-1
249,2,96.62,7.93,197.86,469.83,0.8886,-1,-1,-1
249,17,311.35,122.36,72.51,186.70,0.8361,-1,-1,-1
249,60,386.46,174.17,28.92,88.06,0.6865,-1,-1,-1
249,54,501.02,-2.25,136.10,483.80,0.8527,-1,-1,-1
249,63,410.64,170.93,34.88,110.15,0.7719,-1,-1,-1
249,68,30.14,195.34,17.45,38.22,0.5671,-1,-1,-1
249,69,290.17,169.56,25.17,92.36,0.6555,-1,-1,-1
250,1,459.31,88.88,121.44,363.79,0.6550,-1,-1,-1
250,2,108.78,8.14,194.03,472.14,0.9175,-1,-1,-1
250,17,318.78,123.95,71.59,183.68,0.8530,-1,-1,-1
250,60,391.17,175.77,29.89,90.81,0.6790,-1,-1,-1
250,54,501.58,-1.55,138.60,486.59,0.8216,-1,-1,-1
250,63,415.32,172.79,35.23,113.01,0.7797,-1,-1,-1
250,68,33.19,197.43,18.11,39.27,0.5369,-1,-1,-1
250,69,297.47,172.94,21.97,91.88,0.5936,-1,-1,-1
250,70,79.99,176.27,35.41,87.15,0.4467,-1,-1,-1
251,2,119.11,8.48,189.38,472.51,0.9128,-1,-1,-1
251,17,324.06,123.92,68.40,182.74,0.8604,-1,-1,-1
251,60,394.66,175.29,28.09,91.98,0.6133,-1,-1,-1
251,54,506.17,-2.44,133.79,487.41,0.8438,-1,-1,-1
251,63,416.20,171.40,36.48,115.99,0.7772,-1,-1,-1
251,68,34.73,196.96,17.33,40.38,0.5071,-1,-1,-1
251,70,79.67,177.09,39.60,89.21,0.5202,-1,-1,-1
252,2,126.37,14.98,188.69,467.16,0.8903,-1,-1,-1
252,17,327.58,128.33,66.48,181.64,0.8593,-1,-1,-1
252,60,397.06,177.72,27.52,92.78,0.5378,-1,-1,-1
252,54,512.21,0.83,127.17,480.50,0.8710,-1,-1,-1
252,63,416.88,174.59,36.33,117.31,0.7352,-1,-1,-1
252,68,36.58,199.79,16.47,40.64,0.4360,-1,-1,-1
252,70,70.76,180.20,48.04,90.29,0.6008,-1,-1,-1
253,2,136.73,24.96,188.18,456.75,0.8998,-1,-1,-1
253,17,333.89,130.49,68.19,181.69,0.8574,-1,-1,-1
253,60,401.85,175.30,27.91,94.96,0.5319,-1,-1,-1
253,54,518.05,2.58,124.42,473.54,0.8819,-1,-1,-1
253,63,421.31,174.38,37.52,119.79,0.6896,-1,-1,-1
253,68,42.57,203.34,15.35,39.62,0.4388,-1,-1,-1
253,70,68.38,181.58,51.09,92.95,0.7021,-1,-1,-1
253,72,463.41,143.52,57.66,177.68,0.7376,-1,-1,-1
254,2,145.79,28.21,184.40,452.75,0.8914,-1,-1,-1
254,17,338.26,133.11,65.12,180.07,0.8497,-1,-1,-1
254,60,404.71,175.41,26.90,95.59,0.4111,-1,-1,-1
254,54,523.39,2.66,117.84,475.22,0.8783,-1,-1,-1
254,63,422.15,172.38,38.30,122.92,0.6798,-1,-1,-1
254,68,44.20,204.01,14.80,39.34,0.3581,-1,-1,-1
254,70,67.11,181.11,48.41,93.40,0.6662,-1,-1,-1
254,72,461.54,141.81,57.38,180.79,0.7379,-1,-1,-1
255,2,136.01,35.93,202.91,446.55,0.8651,-1,-1,-1
255,17,341.77,137.36,61.80,178.94,0.8388,-1,-1,-1
255,54,524.80,3.60,115.71,477.75,0.8989,-1,-1,-1
255,63,420.25,173.05,38.56,125.90,0.6404,-1,-1,-1
255,70,60.25,182.19,44.05,96.49,0.6410,-1,-1,-1
255,72,445.24,142.25,70.70,186.63,0.8488,-1,-1,-1
255,74,115.67,144.25,51.75,159.01,0.7455,-1,-1,-1
256,2,157.57,34.94,191.28,445.01,0.8960,-1,-1,-1
256,17,344.44,134.84,58.86,177.58,0.7647,-1,-1,-1
256,54,524.39,0.39,114.65,479.93,0.9070,-1,-1,-1
256,63,417.29,168.96,37.04,129.78,0.5564,-1,-1,-1
256,70,43.37,177.94,47.17,99.95,0.6230,-1,-1,-1
256,72,431.12,140.71,82.38,190.62,0.8100,-1,-1,-1
256,74,91.40,136.31,67.13,166.90,0.6308,-1,-1,-1
256,75,497.59,163.77,44.97,137.91,0.5908,-1,-1,-1
257,2,166.55,35.51,186.53,442.84,0.8837,-1,-1,-1
257,17,345.45,133.35,53.71,176.28,0.7822,-1,-1,-1
257,54,522.40,-0.49,115.28,481.01,0.9039,-1,-1,-1
257,70,21.96,177.53,59.25,101.66,0.6379,-1,-1,-1
257,72,424.54,138.98,85.71,195.58,0.8734,-1,-1,-1
257,74,66.05,131.78,80.79,175.09,0.7949,-1,-1,-1
257,75,491.33,166.78,49.97,142.41,0.6823,-1,-1,-1
258,2,156.59,29.66,196.67,447.99,0.8612,-1,-1,-1
258,17,342.72,132.91,54.49,178.46,0.7985,-1,-1,-1
258,54,493.73,-1.13,142.68,482.75,0.8379,-1,-1,-1
258,70,3.02,180.20,56.18,98.60,0.3842,-1,-1,-1
258,72,411.77,133.44,83.00,205.42,0.8205,-1,-1,-1
258,74,37.63,130.76,95.43,180.48,0.8589,-1,-1,-1
258,75,483.94,164.88,53.14,148.29,0.6868,-1,-1,-1
259,2,152.57,28.79,198.25,449.64,0.8737,-1,-1,-1
259,17,342.81,135.53,51.28,177.42,0.7992,-1,-1,-1
259,54,476.47,-0.82,158.60,483.11,0.8553,-1,-1,-1
259,70,-3.85,176.84,48.58,99.40,0.4509,-1,-1,-1
259,72,397.77,129.63,77.51,212.47,0.8711,-1,-1,-1
259,74,13.34,128.78,108.71,185.32,0.8813,-1,-1,-1
259,75,479.23,164.11,57.65,150.44,0.6150,-1,-1,-1
260,2,144.09,28.27,196.17,451.25,0.9072,-1,-1,-1
260,17,334.77,140.09,51.76,174.44,0.7811,-1,-1,-1
260,54,482.81,0.52,147.97,481.78,0.8915,-1,-1,-1
260,72,386.28,128.09,74.20,222.35,0.7486,-1,-1,-1
260,74,-5.49,126.87,109.41,191.95,0.8999,-1,-1,-1
260,75,470.15,148.76,58.55,170.81,0.6934,-1,-1,-1
261,2,134.39,27.60,193.24,452.65,0.8995,-1,-1,-1
261,17,323.57,144.82,55.32,172.17,0.8075,-1,-1,-1
261,54,480.20,1.18,150.60,480.41,0.9111,-1,-1,-1
261,72,361.47,128.82,91.95,230.87,0.8355,-1,-1,-1
261,74,-12.52,124.45,93.36,196.32,0.8625,-1,-1,-1
261,75,462.95,146.55,51.25,178.60,0.6191,-1,-1,-1
262,2,120.15,23.85,194.46,454.48,0.8415,-1,-1,-1
262,17,315.33,146.01,55.84,168.97,0.6457,-1,-1,-1
262,54,459.48,0.75,171.31,477.15,0.8910,-1,-1,-1
262,72,334.84,127.27,105.88,238.56,0.8337,-1,-1,-1
263,2,109.60,15.75,197.12,462.58,0.8953,-1,-1,-1
263,54,442.43,-0.87,190.94,477.65,0.9250,-1,-1,-1
263,72,318.09,121.75,107.26,252.35,0.8725,-1,-1,-1
264,2,103.36,11.79,196.29,465.90,0.8477,-1,-1,-1
264,54,434.14,-1.10,201.56,478.69,0.9050,-1,-1,-1
264,72,311.81,117.57,109.54,261.80,0.8487,-1,-1,-1
265,2,78.84,8.81,212.18,470.48,0.8510,-1,-1,-1
265,54,425.03,-0.21,209.31,478.27,0.9102,-1,-1,-1
265,72,288.30,110.48,92.37,275.73,0.7723,-1,-1,-1
266,2,77.80,7.27,212.48,471.83,0.8523,-1,-1,-1
266,54,421.46,-0.70,215.32,478.37,0.8698,-1,-1,-1
266,72,280.90,101.49,73.73,286.41,0.7699,-1,-1,-1
266,78,370.16,156.57,46.95,159.24,0.7845,-1,-1,-1
267,2,62.10,4.26,225.01,472.69,0.8257,-1,-1,-1
267,54,417.93,-2.35,220.52,477.78,0.9143,-1,-1,-1
267,72,259.05,89.61,81.14,294.23,0.7856,-1,-1,-1
267,78,360.54,147.51,59.67,164.21,0.7855,-1,-1,-1
267,79,318.00,140.22,49.50,158.38,0.8247,-1,-1,-1
268,2,45.03,0.32,240.27,477.42,0.7727,-1,-1,-1
268,54,419.41,-1.66,221.05,476.74,0.9181,-1,-1,-1
268,72,244.54,79.12,88.49,301.45,0.5002,-1,-1,-1
268,78,356.19,141.44,66.20,166.33,0.7798,-1,-1,-1
268,79,310.70,134.42,53.35,160.80,0.8494,-1,-1,-1
268,63,285.64,159.67,30.15,102.28,0.3467,-1,-1,-1
269,2,36.09,-1.81,255.48,479.74,0.8081,-1,-1,-1
269,54,417.53,-0.87,222.61,475.10,0.9117,-1,-1,-1
269,78,348.63,135.67,63.87,170.29,0.7764,-1,-1,-1
269,79,307.34,129.98,53.57,159.38,0.8000,-1,-1,-1
269,63,276.88,147.91,33.53,123.29,0.3927,-1,-1,-1
270,2,34.70,-7.38,256.07,480.38,0.8814,-1,-1,-1
270,54,407.08,-5.51,231.79,476.45,0.9088,-1,-1,-1
270,78,338.56,114.99,59.93,175.74,0.7991,-1,-1,-1
270,79,308.12,110.67,44.40,160.07,0.7387,-1,-1,-1
270,80,589.00,169.17,49.64,239.87,0.6833,-1,-1,-1
271,2,30.77,-12.15,260.32,478.44,0.8834,-1,-1,-1
271,54,401.06,-10.85,239.97,479.61,0.9133,-1,-1,-1
271,78,329.60,85.54,60.98,181.46,0.7889,-1,-1,-1
271,79,313.30,83.05,36.71,161.81,0.5844,-1,-1,-1
271,80,590.72,102.31,48.93,268.01,0.5437,-1,-1,-1
272,2,26.63,-16.63,253.95,459.74,0.7821,-1,-1,-1
272,54,396.48,-15.23,245.87,485.36,0.9158,-1,-1,-1
272,78,316.47,47.54,66.38,191.69,0.8086,-1,-1,-1
272,80,591.23,41.20,49.32,297.45,0.4047,-1,-1,-1
272,60,270.99,67.67,39.15,137.93,0.4070,-1,-1,-1
273,2,23.88,-4.16,250.93,451.32,0.6985,-1,-1,-1
273,54,395.75,-3.72,246.22,483.08,0.9118,-1,-1,-1
273,78,310.68,41.36,66.92,195.81,0.7510,-1,-1,-1
273,80,586.82,103.36,53.20,218.80,0.3695,-1,-1,-1
273,82,3.62,3.14,106.37,375.97,0.3712,-1,-1,-1
273,60,257.58,61.69,53.72,145.04,0.7548,-1,-1,-1
274,2,60.13,8.61,208.40,467.30,0.7080,-1,-1,-1
274,54,394.43,7.50,248.12,475.15,0.9034,-1,-1,-1
274,78,305.03,55.59,70.25,198.96,0.7752,-1,-1,-1
274,80,585.05,70.35,55.25,254.30,0.4814,-1,-1,-1
274,60,255.83,80.24,53.99,143.90,0.7571,-1,-1,-1
275,2,41.22,12.62,217.19,471.68,0.8454,-1,-1,-1
275,54,392.03,12.09,246.14,473.19,0.8676,-1,-1,-1
275,78,296.76,73.77,68.61,202.22,0.7900,-1,-1,-1
275,80,592.65,29.97,45.67,301.54,0.5052,-1,-1,-1
275,60,259.20,100.93,45.46,140.98,0.6510,-1,-1,-1
275,83,-0.91,71.50,56.50,241.12,0.6450,-1,-1,-1
276,2,40.69,17.04,212.89,467.97,0.8090,-1,-1,-1
276,54,399.39,16.62,240.70,475.31,0.9043,-1,-1,-1
276,78,292.68,102.68,71.39,204.79,0.8094,-1,-1,-1
276,80,601.78,100.05,37.77,255.51,0.4004,-1,-1,-1
276,60,259.48,133.08,47.20,135.34,0.4930,-1,-1,-1
277,2,42.67,9.99,202.64,446.88,0.8311,-1,-1,-1
277,54,400.87,10.67,237.62,478.05,0.9186,-1,-1,-1
277,78,283.41,112.89,70.98,209.63,0.7238,-1,-1,-1
277,80,597.11,58.64,41.55,308.38,0.4076,-1,-1,-1
277,60,249.56,143.79,41.61,132.63,0.4886,-1,-1,-1
278,2,26.58,4.84,209.18,466.55,0.8500,-1,-1,-1
278,54,396.64,4.02,230.38,477.56,0.9041,-1,-1,-1
278,78,269.16,113.77,73.96,216.43,0.7791,-1,-1,-1
278,80,589.84,82.32,48.05,283.14,0.4631,-1,-1,-1
278,60,238.17,148.12,39.71,128.79,0.5447,-1,-1,-1
278,63,205.12,121.59,46.11,185.82,0.3726,-1,-1,-1
279,2,7.97,22.98,209.16,456.87,0.8796,-1,-1,-1
279,54,379.38,5.77,226.73,476.24,0.8974,-1,-1,-1
279,78,251.10,129.76,77.03,221.77,0.7787,-1,-1,-1
279,80,576.09,69.76,58.83,307.86,0.8095,-1,-1,-1
279,87,313.48,148.81,53.40,144.08,0.6580,-1,-1,-1
279,63,186.29,142.06,59.58,193.82,0.7392,-1,-1,-1
280,2,-5.21,20.18,192.79,457.52,0.8899,-1,-1,-1
280,54,358.87,0.05,224.63,478.65,0.8895,-1,-1,-1
280,78,229.50,127.22,76.57,228.07,0.7875,-1,-1,-1
280,80,562.81,58.99,69.72,318.62,0.8290,-1,-1,-1
280,87,296.19,149.35,54.47,146.20,0.8051,-1,-1,-1
280,63,164.82,143.64,68.72,201.82,0.8066,-1,-1,-1
281,2,-11.66,1.99,158.39,474.49,0.9054,-1,-1,-1
281,54,331.00,-5.50,230.36,484.00,0.9069,-1,-1,-1
281,78,193.39,108.47,78.02,242.00,0.7881,-1,-1,-1
281,80,542.72,50.29,78.76,318.67,0.8293,-1,-1,-1
281,87,268.36,138.55,52.25,146.29,0.8328,-1,-1,-1
281,63,134.73,131.73,72.90,205.35,0.8363,-1,-1,-1
281,75,317.03,101.69,58.18,219.72,0.6757,-1,-1,-1
282,2,-3.72,4.92,119.84,474.66,0.8910,-1,-1,-1
282,54,327.84,2.05,230.53,486.19,0.9030,-1,-1,-1
282,78,165.82,110.52,79.08,254.53,0.8023,-1,-1,-1
282,80,533.89,85.88,76.77,306.94,0.4127,-1,-1,-1
282,87,258.54,146.42,43.46,145.48,0.8065,-1,-1,-1
282,63,129.91,134.19,47.30,201.39,0.6079,-1,-1,-1
282,75,293.59,88.68,70.90,273.17,0.5355,-1,-1,-1
283,2,3.36,18.45,113.42,460.81,0.8595,-1,-1,-1
283,54,348.00,4.89,228.72,484.11,0.8830,-1,-1,-1
283,78,154.99,118.03,86.39,263.68,0.8316,-1,-1,-1
283,80,535.37,126.90,74.39,291.27,0.3848,-1,-1,-1
283,87,264.62,159.02,36.96,144.66,0.7235,-1,-1,-1
283,75,306.43,120.32,70.66,276.30,0.6678,-1,-1,-1
283,88,112.01,167.14,42.67,149.10,0.6085,-1,-1,-1
284,2,6.47,17.75,119.82,460.38,0.8169,-1,-1,-1
284,54,377.77,1.38,225.64,483.69,0.8913,-1,-1,-1
284,78,154.78,114.24,91.25,272.86,0.8489,-1,-1,-1
284,80,556.40,141.35,62.60,285.46,0.2860,-1,-1,-1
284,87,276.32,161.06,38.80,143.94,0.7296,-1,-1,-1
284,75,320.14,126.83,78.22,287.62,0.7438,-1,-1,-1
284,88,119.51,165.93,42.68,152.09,0.7253,-1,-1,-1
284,89,299.44,86.44,67.33,224.45,0.5066,-1,-1,-1
285,2,6.25,15.59,129.54,463.43,0.8868,-1,-1,-1
285,54,409.28,-3.06,227.98,484.23,0.9175,-1,-1,-1
285,78,160.79,105.57,92.29,280.87,0.8549,-1,-1,-1
285,87,291.41,158.65,37.69,142.74,0.7029,-1,-1,-1
285,75,338.84,97.86,86.88,321.66,0.8513,-1,-1,-1
285,88,123.86,161.41,46.48,158.24,0.6721,-1,-1,-1
285,89,312.84,75.84,69.07,267.01,0.7349,-1,-1,-1
285,79,241.03,170.83,32.73,128.30,0.4861,-1,-1,-1
286,2,3.36,24.02,137.76,460.26,0.9024,-1,-1,-1
286,54,442.04,-2.10,209.38,488.55,0.9100,-1,-1,-1
286,78,164.95,104.46,93.64,290.50,0.8644,-1,-1,-1
286,75,356.31,85.02,99.64,355.09,0.8755,-1,-1,-1
286,88,129.09,164.61,43.72,163.05,0.6712,-1,-1,-1
286,89,319.72,73.64,75.57,288.45,0.6261,-1,-1,-1
286,79,253.19,174.15,33.88,129.78,0.4763,-1,-1,-1
287,2,1.80,33.40,144.77,451.36,0.8947,-1,-1,-1
287,54,472.03,-2.23,181.31,487.96,0.8892,-1,-1,-1
287,78,168.21,103.34,99.77,296.28,0.8161,-1,-1,-1
287,75,370.69,72.31,116.14,382.34,0.8855,-1,-1,-1
287,88,135.50,163.88,41.03,167.48,0.6259,-1,-1,-1
287,89,329.27,72.05,80.08,300.27,0.7646,-1,-1,-1
287,79,266.19,174.98,33.95,129.24,0.4458,-1,-1,-1
288,2,-0.12,37.45,151.19,446.06,0.8996,-1,-1,-1
288,54,502.70,-4.17,149.38,486.88,0.8587,-1,-1,-1
288,78,171.83,98.20,99.97,306.99,0.8313,-1,-1,-1
288,75,385.56,58.38,137.26,407.07,0.8844,-1,-1,-1
288,88,138.12,160.80,45.52,168.57,0.6094,-1,-1,-1
288,89,338.92,64.52,85.75,309.85,0.8195,-1,-1,-1
288,79,278.40,170.51,32.78,131.91,0.5886,-1,-1,-1
289,2,2.83,49.98,160.63,431.63,0.9024,-1,-1,-1
289,54,551.26,1.50,97.85,475.45,0.8151,-1,-1,-1
289,78,182.99,100.02,102.81,316.60,0.8151,-1,-1,-1
289,75,405.99,51.55,151.74,423.52,0.8817,-1,-1,-1
289,88,147.46,159.98,56.63,174.06,0.6040,-1,-1,-1
289,89,354.89,60.89,89.08,317.51,0.7690,-1,-1,-1
289,79,295.33,170.72,33.91,132.18,0.5497,-1,-1,-1
289,90,262.55,158.43,45.90,176.96,0.6808,-1,-1,-1
290,2,4.29,58.85,173.09,421.45,0.8948,-1,-1,-1
290,78,195.03,98.24,106.53,327.85,0.8002,-1,-1,-1
290,75,430.11,39.08,166.47,442.32,0.8745,-1,-1,-1
290,88,158.95,157.41,53.12,177.02,0.6925,-1,-1,-1
290,89,373.44,52.71,92.84,336.68,0.8410,-1,-1,-1
290,79,316.87,172.29,33.46,127.07,0.4800,-1,-1,-1
290,90,286.89,160.40,44.48,179.16,0.5818,-1,-1,-1
290,91,557.78,66.50,70.97,365.39,0.5660,-1,-1,-1
291,2,5.25,57.52,178.40,421.10,0.8691,-1,-1,-1
291,78,207.95,90.99,106.73,344.26,0.8386,-1,-1,-1
291,75,450.29,25.25,179.27,455.93,0.8856,-1,-1,-1
291,88,166.53,151.56,51.38,179.97,0.7067,-1,-1,-1
291,89,389.70,42.60,104.10,353.57,0.8330,-1,-1,-1
291,90,306.68,161.00,49.16,178.29,0.6888,-1,-1,-1
291,91,586.71,56.90,57.96,391.93,0.6427,-1,-1,-1
292,2,10.56,56.75,181.10,422.21,0.8850,-1,-1,-1
292,78,219.84,87.98,111.92,362.52,0.8385,-1,-1,-1
292,75,471.79,13.53,177.10,471.11,0.8920,-1,-1,-1
292,88,171.68,154.57,55.01,178.62,0.7101,-1,-1,-1
292,89,405.73,37.29,111.22,372.03,0.8805,-1,-1,-1
292,90,323.59,166.50,56.09,176.11,0.7875,-1,-1,-1
292,79,358.05,180.37,26.22,118.61,0.3406,-1,-1,-1
293,2,11.99,48.16,181.74,428.86,0.9074,-1,-1,-1
293,78,228.21,77.41,111.58,374.79,0.8477,-1,-1,-1
293,75,487.86,0.24,163.05,484.49,0.8871,-1,-1,-1
293,88,168.97,149.49,60.79,182.56,0.5395,-1,-1,-1
293,89,416.09,26.47,119.39,397.92,0.8619,-1,-1,-1
293,90,333.27,167.86,61.70,174.47,0.8566,-1,-1,-1
294,2,21.97,47.03,179.99,430.27,0.8777,-1,-1,-1
294,78,237.44,69.10,116.33,392.44,0.8386,-1,-1,-1
294,75,511.47,-2.64,140.12,486.35,0.8183,-1,-1,-1
294,89,429.16,18.13,129.57,420.88,0.8433,-1,-1,-1
294,90,349.08,167.66,64.99,175.16,0.8115,-1,-1,-1
295,2,34.00,48.43,180.89,429.07,0.7477,-1,-1,-1
295,78,243.34,59.66,122.42,410.81,0.8833,-1,-1,-1
295,75,533.34,41.18,116.74,440.42,0.8526,-1,-1,-1
295,89,440.40,9.11,141.29,440.98,0.8817,-1,-1,-1
295,90,367.49,166.30,63.07,172.56,0.7780,-1,-1,-1
296,2,12.78,55.10,208.32,421.90,0.8221,-1,-1,-1
296,78,247.98,52.37,126.20,424.09,0.8884,-1,-1,-1
296,75,553.31,55.59,93.63,425.00,0.7014,-1,-1,-1
296,89,448.79,2.16,152.81,459.12,0.8690,-1,-1,-1
296,90,383.02,165.53,60.14,174.90,0.8128,-1,-1,-1
296,92,219.79,195.02,40.42,115.01,0.7645,-1,-1,-1
297,2,4.40,56.00,222.63,419.95,0.8672,-1,-1,-1
297,78,246.86,37.66,133.50,440.34,0.8809,-1,-1,-1
297,89,456.53,-3.61,165.99,470.05,0.8799,-1,-1,-1
297,90,389.16,161.85,67.08,175.55,0.8627,-1,-1,-1
297,92,222.98,194.85,38.87,112.67,0.4856,-1,-1,-1
297,93,1.96,126.41,68.60,207.67,0.7810,-1,-1,-1
298,2,31.29,57.01,202.88,420.13,0.7866,-1,-1,-1
298,78,239.71,21.85,143.00,459.16,0.8797,-1,-1,-1
298,89,464.14,-4.22,174.68,482.67,0.9150,-1,-1,-1
298,90,398.74,164.73,79.82,172.68,0.8573,-1,-1,-1
298,93,-0.51,122.58,58.84,198.70,0.8388,-1,-1,-1
299,2,51.76,55.97,188.83,419.91,0.8572,-1,-1,-1
299,78,237.54,9.96,142.59,471.50,0.8843,-1,-1,-1
299,89,469.42,-3.44,173.40,485.76,0.9084,-1,-1,-1
299,90,404.52,167.28,85.26,169.59,0.8671,-1,-1,-1
299,93,-0.30,117.73,52.31,200.82,0.8598,-1,-1,-1
299,95,394.57,171.70,36.28,123.77,0.3710,-1,-1,-1
300,2,68.91,53.73,174.91,425.30,0.8131,-1,-1,-1
300,78,226.54,-0.89,149.01,482.79,0.8594,-1,-1,-1
300,89,481.58,-4.27,165.50,488.52,0.8959,-1,-1,-1
300,90,412.04,165.31,86.52,170.81,0.8894,-1,-1,-1
300,93,-1.51,131.94,56.92,199.87,0.8118,-1,-1,-1
300,95,405.01,173.16,33.26,120.31,0.4042,-1,-1,-1
300,96,369.60,167.76,48.08,137.35,0.7342,-1,-1,-1
301,2,82.34,50.11,156.83,427.19,0.8624,-1,-1,-1
301,78,211.93,-4.36,163.13,486.21,0.9034,-1,-1,-1
301,89,490.66,-3.06,153.29,486.03,0.9061,-1,-1,-1
301,90,418.30,163.96,82.25,171.32,0.8430,-1,-1,-1
301,93,-0.96,145.02,59.91,182.48,0.7264,-1,-1,-1
301,95,405.37,188.15,34.20,106.21,0.4450,-1,-1,-1
301,96,366.26,165.92,54.27,139.54,0.7594,-1,-1,-1
302,2,91.47,43.45,141.26,431.81,0.7945,-1,-1,-1
302,78,183.40,-7.13,176.58,489.15,0.8283,-1,-1,-1
302,89,504.85,-3.61,138.01,488.84,0.9075,-1,-1,-1
302,90,435.22,160.94,70.68,173.08,0.7802,-1,-1,-1
302,93,-2.77,145.52,54.53,172.54,0.6397,-1,-1,-1
302,96,361.42,164.15,67.77,142.90,0.6599,-1,-1,-1
303,78,122.88,-7.78,209.58,492.42,0.6799,-1,-1,-1
303,89,521.63,-3.41,121.35,491.09,0.9000,-1,-1,-1
303,90,448.15,159.71,70.23,174.82,0.7804,-1,-1,-1
303,96,373.15,163.12,63.90,144.73,0.6279,-1,-1,-1
303,97,47.17,102.12,88.66,310.56,0.6893,-1,-1,-1
303,98,335.38,192.43,31.54,118.28,0.6985,-1,-1,-1
304,78,101.43,-9.42,200.94,492.23,0.7526,-1,-1,-1
304,89,536.96,-2.47,104.71,490.81,0.8459,-1,-1,-1
304,90,458.40,157.69,66.91,175.18,0.8056,-1,-1,-1
304,96,380.15,160.01,58.28,143.34,0.6639,-1,-1,-1
304,97,6.50,92.44,112.12,303.74,0.8245,-1,-1,-1
304,98,333.98,190.90,46.82,122.79,0.6366,-1,-1,-1
304,99,284.80,160.17,60.74,156.68,0.5007,-1,-1,-1
305,78,80.88,-6.31,194.03,485.17,0.3601,-1,-1,-1
305,89,554.48,2.71,86.38,486.04,0.7596,-1,-1,-1
305,90,464.33,162.08,66.02,173.48,0.8322,-1,-1,-1
305,96,384.70,161.31,53.28,148.18,0.7339,-1,-1,-1
305,97,-7.31,90.11,138.13,303.34,0.8745,-1,-1,-1
305,98,333.55,190.48,57.33,127.08,0.7112,-1,-1,-1
305,99,293.46,157.20,57.04,161.76,0.5843,-1,-1,-1
305,101,276.58,156.97,37.77,151.57,0.5748,-1,-1,-1
305,87,524.86,141.86,72.67,234.41,0.7762,-1,-1,-1
305,88,1.04,90.37,142.43,302.04,0.8745,-1,-1,-1
306,78,21.30,-3.05,228.49,473.47,0.3534,-1,-1,-1
306,89,574.29,1.42,64.99,482.23,0.4578,-1,-1,-1
306,90,466.32,162.02,69.71,169.56,0.8049,-1,-1,-1
306,96,384.59,159.71,55.87,148.31,0.7649,-1,-1,-1
306,98,343.11,188.64,50.08,126.12,0.5545,-1,-1,-1
306,99,302.19,153.56,52.96,163.97,0.6876,-1,-1,-1
306,101,270.76,159.94,37.68,149.11,0.5980,-1,-1,-1
306,87,515.31,135.76,88.71,241.92,0.8043,-1,-1,-1
307,78,-1.67,-1.48,223.03,476.12,0.3875,-1,-1,-1
307,90,468.85,164.27,64.37,168.22,0.7173,-1,-1,-1
307,96,385.77,159.03,63.08,148.32,0.7865,-1,-1,-1
307,98,343.28,187.21,49.05,127.51,0.5542,-1,-1,-1
307,99,305.55,152.23,51.70,166.04,0.7663,-1,-1,-1
307,101,266.41,154.94,41.10,150.01,0.4168,-1,-1,-1
307,87,510.39,130.10,103.98,248.47,0.8132,-1,-1,-1
307,60,177.24,100.15,101.03,337.45,0.6156,-1,-1,-1
308,90,476.31,171.45,60.70,155.78,0.3117,-1,-1,-1
308,96,386.03,159.01,70.74,146.59,0.8040,-1,-1,-1
308,98,352.70,185.53,40.58,128.16,0.7032,-1,-1,-1
308,99,309.36,150.73,50.49,167.18,0.7903,-1,-1,-1
308,101,272.01,173.79,35.10,119.84,0.4042,-1,-1,-1
308,87,500.56,125.05,116.83,255.09,0.8262,-1,-1,-1
308,60,157.76,71.40,125.39,390.94,0.8631,-1,-1,-1
309,96,389.65,158.11,71.80,148.12,0.8140,-1,-1,-1
309,98,362.54,184.24,38.23,128.12,0.6370,-1,-1,-1
309,99,311.43,149.76,64.18,168.66,0.8433,-1,-1,-1
309,87,493.33,119.39,130.68,273.15,0.8728,-1,-1,-1
309,60,130.37,59.92,159.65,413.60,0.8760,-1,-1,-1
309,103,467.88,168.54,32.67,121.41,0.6658,-1,-1,-1
309,78,-7.17,0.31,134.63,474.65,0.5364,-1,-1,-1
310,96,392.96,159.50,66.04,151.30,0.7615,-1,-1,-1
310,98,364.02,185.70,50.02,130.39,0.6415,-1,-1,-1
310,99,308.24,151.68,74.42,170.96,0.8537,-1,-1,-1
310,87,492.77,119.41,137.30,287.29,0.8440,-1,-1,-1
310,60,110.41,74.65,178.48,405.22,0.8673,-1,-1,-1
310,103,464.11,174.36,36.68,118.76,0.6793,-1,-1,-1
310,104,81.35,89.77,82.34,292.99,0.6474,-1,-1,-1
311,96,394.61,159.88,62.34,155.17,0.7741,-1,-1,-1
311,98,364.38,187.04,55.18,132.41,0.6605,-1,-1,-1
311,99,301.07,152.48,81.98,173.30,0.8541,-1,-1,-1
311,87,490.66,116.41,143.72,309.04,0.8847,-1,-1,-1
311,60,108.16,78.73,176.63,403.53,0.8417,-1,-1,-1
311,103,459.38,177.35,38.26,116.62,0.7471,-1,-1,-1
311,104,47.63,78.91,103.55,345.07,0.8240,-1,-1,-1
312,96,395.67,156.29,62.70,160.55,0.7224,-1,-1,-1
312,98,363.95,188.82,58.07,133.26,0.6159,-1,-1,-1
312,99,295.26,151.89,88.03,176.71,0.8819,-1,-1,-1
312,87,486.95,108.72,149.34,326.32,0.8926,-1,-1,-1
312,60,105.52,69.69,176.56,412.93,0.8811,-1,-1,-1
312,103,454.17,177.83,38.23,115.58,0.7328,-1,-1,-1
312,104,9.51,67.05,123.69,382.55,0.8998,-1,-1,-1
313,96,396.59,156.66,61.54,161.90,0.7334,-1,-1,-1
313,98,361.01,188.83,56.86,136.40,0.6820,-1,-1,-1
313,99,294.30,150.79,87.22,179.88,0.8425,-1,-1,-1
313,87,482.10,99.11,150.29,343.58,0.8804,-1,-1,-1
313,60,101.25,69.02,175.97,413.82,0.8785,-1,-1,-1
313,103,447.03,178.43,38.76,113.96,0.7120,-1,-1,-1
313,104,-6.41,56.06,113.71,409.52,0.8864,-1,-1,-1
314,96,398.80,155.95,60.97,162.89,0.7813,-1,-1,-1
314,98,364.03,186.19,52.95,138.41,0.7039,-1,-1,-1
314,99,298.40,149.75,85.53,181.86,0.8190,-1,-1,-1
314,87,477.98,88.68,154.61,357.79,0.8714,-1,-1,-1
314,60,100.96,68.32,178.32,414.31,0.8714,-1,-1,-1
314,103,443.88,177.71,36.91,113.17,0.6567,-1,-1,-1
314,104,-8.99,46.13,97.54,431.02,0.8191,-1,-1,-1
315,96,405.86,159.26,65.76,162.62,0.7406,-1,-1,-1
315,98,374.29,189.42,50.74,142.69,0.6789,-1,-1,-1
315,99,310.70,152.42,73.01,185.28,0.8029,-1,-1,-1
315,87,478.10,81.65,161.92,383.85,0.8983,-1,-1,-1
315,60,106.69,70.75,179.54,412.89,0.8883,-1,-1,-1
316,96,414.96,156.29,63.50,162.22,0.7188,-1,-1,-1
316,98,376.95,187.16,66.19,145.31,0.8180,-1,-1,-1
316,99,318.26,146.79,69.60,190.70,0.7824,-1,-1,-1
316,87,479.41,69.23,162.89,406.25,0.9018,-1,-1,-1
316,60,112.36,65.50,181.22,415.84,0.8936,-1,-1,-1
316,108,16.15,146.66,69.62,179.74,0.8003,-1,-1,-1
316,2,117.45,64.41,178.36,416.55,0.8936,-1,-1,-1
317,96,426.50,155.71,60.08,165.54,0.7290,-1,-1,-1
317,98,386.78,187.36,73.98,147.76,0.5474,-1,-1,-1
317,99,325.13,143.81,76.68,195.74,0.8410,-1,-1,-1
317,87,485.52,56.06,157.99,424.18,0.9216,-1,-1,-1
317,60,120.16,64.57,181.21,415.52,0.8970,-1,-1,-1
317,108,28.94,146.27,58.74,178.57,0.8410,-1,-1,-1
317,2,126.17,65.39,178.83,412.69,0.8970,-1,-1,-1
318,96,435.64,155.93,59.20,166.45,0.7450,-1,-1,-1
318,98,397.51,185.36,75.01,151.03,0.7631,-1,-1,-1
318,99,329.27,141.64,82.22,199.91,0.8617,-1,-1,-1
318,87,490.73,44.29,153.48,438.11,0.9193,-1,-1,-1
318,60,125.88,65.80,185.28,415.11,0.8459,-1,-1,-1
318,108,33.21,146.38,58.22,179.26,0.8350,-1,-1,-1
318,2,132.08,67.03,183.35,411.16,0.8459,-1,-1,-1
319,96,445.39,150.40,59.51,169.91,0.6665,-1,-1,-1
319,98,408.90,182.74,74.85,152.09,0.5634,-1,-1,-1
319,99,334.28,129.53,92.40,211.96,0.8664,-1,-1,-1
319,87,500.80,21.94,144.97,458.20,0.9129,-1,-1,-1
319,60,134.37,68.47,183.52,410.44,0.8765,-1,-1,-1
319,108,38.30,145.74,60.44,177.76,0.8264,-1,-1,-1
319,2,140.44,69.59,181.66,406.34,0.8765,-1,-1,-1
320,96,459.11,145.41,59.28,174.07,0.4718,-1,-1,-1
320,98,421.86,174.10,69.05,159.14,0.6893,-1,-1,-1
320,99,337.61,128.60,100.48,211.42,0.8862,-1,-1,-1
320,87,514.75,3.87,130.76,476.21,0.8849,-1,-1,-1
320,60,146.04,71.45,180.63,407.18,0.8649,-1,-1,-1
320,108,36.87,142.99,69.27,177.55,0.8178,-1,-1,-1
320,2,151.50,72.43,178.94,403.42,0.8649,-1,-1,-1
321,98,453.44,171.05,50.91,161.36,0.5411,-1,-1,-1
321,99,347.36,123.99,103.98,215.98,0.8861,-1,-1,-1
321,87,541.76,29.67,105.53,449.76,0.3471,-1,-1,-1
321,60,165.70,58.22,174.39,421.54,0.8705,-1,-1,-1
321,108,44.80,136.92,71.02,179.45,0.8634,-1,-1,-1
321,2,170.60,58.61,172.79,418.52,0.8705,-1,-1,-1
322,98,473.45,161.91,61.68,169.60,0.6780,-1,-1,-1
322,99,359.32,115.93,104.98,221.23,0.8588,-1,-1,-1
322,60,181.39,46.15,172.30,434.97,0.8802,-1,-1,-1
322,108,55.65,129.33,67.71,179.60,0.8230,-1,-1,-1
322,2,185.52,46.45,170.96,432.20,0.8802,-1,-1,-1
322,111,544.28,157.91,39.96,137.72,0.4816,-1,-1,-1
322,112,147.78,112.09,67.28,196.51,0.7456,-1,-1,-1
322,113,344.36,156.36,47.99,135.54,0.5332,-1,-1,-1
323,98,487.04,160.94,63.80,170.52,0.5735,-1,-1,-1
323,99,381.42,113.35,99.28,225.29,0.8612,-1,-1,-1
323,60,196.07,41.28,175.14,440.35,0.9011,-1,-1,-1
323,108,71.69,126.69,62.50,176.97,0.8201,-1,-1,-1
323,2,199.75,41.28,173.96,437.99,0.9011,-1,-1,-1
323,111,547.28,151.92,53.63,143.78,0.5030,-1,-1,-1
323,112,145.45,105.29,76.80,213.75,0.8354,-1,-1,-1
323,113,360.11,156.37,50.51,117.56,0.4356,-1,-1,-1
323,115,468.91,164.67,36.74,108.71,0.7130,-1,-1,-1
323,96,539.48,148.80,58.71,150.70,0.5030,-1,-1,-1
324,98,493.11,156.50,88.80,174.49,0.7861,-1,-1,-1
324,99,399.35,107.79,88.07,229.34,0.8248,-1,-1,-1
324,60,204.11,32.94,178.00,447.20,0.9034,-1,-1,-1
324,108,78.51,122.25,60.41,176.29,0.7950,-1,-1,-1
324,2,207.33,32.83,177.00,445.19,0.9034,-1,-1,-1
324,112,138.34,97.46,83.30,223.46,0.8335,-1,-1,-1
324,113,370.06,150.18,52.89,159.78,0.5656,-1,-1,-1
324,115,474.90,162.57,35.48,108.56,0.6748,-1,-1,-1
325,98,509.05,152.54,92.45,178.24,0.7680,-1,-1,-1
325,99,417.31,101.38,81.13,236.57,0.8089,-1,-1,-1
325,60,213.19,31.71,181.30,449.37,0.9066,-1,-1,-1
325,108,71.16,121.67,71.96,176.95,0.7950,-1,-1,-1
325,2,216.16,31.50,180.37,447.59,0.9066,-1,-1,-1
325,112,127.24,92.06,88.39,239.95,0.8381,-1,-1,-1
325,113,379.77,145.21,53.51,175.42,0.7265,-1,-1,-1
326,98,525.66,150.73,85.18,180.40,0.6981,-1,-1,-1
326,99,429.42,98.28,77.47,242.91,0.8656,-1,-1,-1
326,60,215.68,34.20,183.75,446.96,0.8993,-1,-1,-1
326,108,67.44,123.29,81.56,178.08,0.7127,-1,-1,-1
326,2,218.27,33.95,182.93,445.38,0.8993,-1,-1,-1
326,112,116.68,89.15,91.95,249.35,0.8178,-1,-1,-1
326,113,386.51,142.73,51.88,181.80,0.6698,-1,-1,-1
326,103,512.99,118.66,74.66,196.51,0.4443,-1,-1,-1
326,96,583.46,162.50,41.39,148.67,0.4571,-1,-1,-1
327,98,553.62,145.12,75.51,183.62,0.8159,-1,-1,-1
327,99,434.86,93.51,84.32,248.55,0.8880,-1,-1,-1
327,60,218.67,35.56,187.33,444.03,0.8833,-1,-1,-1
327,108,70.61,123.59,75.51,176.55,0.6387,-1,-1,-1
327,2,220.97,35.28,186.59,442.63,0.8833,-1,-1,-1
327,112,101.47,82.38,96.86,259.55,0.8709,-1,-1,-1
327,113,393.45,139.62,53.11,184.09,0.7289,-1,-1,-1
327,103,514.77,113.46,83.13,202.30,0.7679,-1,-1,-1
328,98,567.13,143.31,73.59,189.81,0.7823,-1,-1,-1
328,99,433.45,92.30,96.13,252.23,0.8788,-1,-1,-1
328,60,212.15,38.78,200.98,439.56,0.8396,-1,-1,-1
328,108,62.67,132.22,69.90,169.18,0.2629,-1,-1,-1
328,2,214.16,38.48,200.36,438.34,0.8396,-1,-1,-1
328,112,88.41,78.60,95.90,275.57,0.7852,-1,-1,-1
328,113,400.33,138.75,50.26,153.44,0.3023,-1,-1,-1
328,103,517.82,110.89,88.76,211.57,0.4250,-1,-1,-1
328,117,-1.38,126.19,32.10,160.03,0.7583,-1,-1,-1
329,98,567.93,144.25,75.39,190.86,0.8077,-1,-1,-1
329,99,428.31,91.14,103.77,255.66,0.8939,-1,-1,-1
329,60,218.66,39.24,196.97,441.05,0.8232,-1,-1,-1
329,2,220.52,38.98,196.37,439.97,0.8232,-1,-1,-1
329,112,59.19,69.43,107.87,290.96,0.8753,-1,-1,-1
329,113,406.14,137.44,47.04,144.31,0.4208,-1,-1,-1
329,103,528.90,107.96,80.33,212.56,0.5157,-1,-1,-1
329,118,511.80,137.75,52.92,156.51,0.4948,-1,-1,-1
330,98,565.68,148.04,79.29,191.95,0.7780,-1,-1,-1
330,99,425.04,92.80,106.47,260.38,0.8873,-1,-1,-1
330,60,234.08,37.09,186.35,444.97,0.8506,-1,-1,-1
330,2,235.73,36.82,185.80,444.02,0.8506,-1,-1,-1
330,112,42.92,63.60,109.97,306.61,0.8381,-1,-1,-1
330,113,410.45,139.74,47.31,150.30,0.5149,-1,-1,-1
330,103,544.71,108.94,67.35,218.23,0.5737,-1,-1,-1
330,118,505.98,138.52,58.92,160.78,0.6628,-1,-1,-1
330,119,-1.55,130.62,47.71,156.93,0.6365,-1,-1,-1
331,99,427.96,92.42,104.09,264.38,0.8693,-1,-1,-1
331,60,240.33,33.20,183.40,447.90,0.8659,-1,-1,-1
331,2,241.70,32.93,182.93,447.07,0.8659,-1,-1,-1
331,112,23.77,54.61,115.05,320.35,0.8639,-1,-1,-1
331,113,399.40,140.01,65.34,180.34,0.6657,-1,-1,-1
331,103,557.72,108.96,60.67,227.21,0.7401,-1,-1,-1
331,118,500.50,137.87,62.68,162.56,0.5724,-1,-1,-1
331,119,-1.79,131.90,47.22,158.44,0.6217,-1,-1,-1
332,99,440.69,88.04,100.22,266.93,0.8648,-1,-1,-1
332,60,240.23,27.81,185.95,452.82,0.9126,-1,-1,-1
332,2,241.47,27.50,185.53,452.11,0.9126,-1,-1,-1
332,112,2.47,43.50,115.25,338.12,0.8851,-1,-1,-1
332,113,407.36,136.40,62.07,194.96,0.6836,-1,-1,-1
332,103,560.57,105.23,69.90,225.39,0.7998,-1,-1,-1
333,99,452.83,87.49,90.89,267.66,0.8395,-1,-1,-1
333,60,243.41,25.66,183.21,455.68,0.8930,-1,-1,-1
333,2,244.49,25.37,182.84,455.04,0.8930,-1,-1,-1
333,112,-5.94,35.42,106.66,352.48,0.9165,-1,-1,-1
333,113,419.04,133.53,56.76,205.83,0.8001,-1,-1,-1
333,103,561.28,107.16,77.43,228.90,0.8702,-1,-1,-1
334,99,460.30,83.51,92.41,271.87,0.8788,-1,-1,-1
334,60,241.27,27.40,181.96,453.31,0.8954,-1,-1,-1
334,2,242.21,27.12,181.64,452.75,0.8954,-1,-1,-1
334,112,-9.18,26.24,81.59,366.96,0.8868,-1,-1,-1
334,113,419.21,130.32,60.27,213.41,0.8473,-1,-1,-1
334,103,555.84,106.86,85.06,227.16,0.9007,-1,-1,-1
334,108,38.91,121.14,60.95,176.51,0.6977,-1,-1,-1
335,99,464.06,84.10,90.93,272.74,0.8360,-1,-1,-1
335,60,241.33,28.99,179.58,449.55,0.9059,-1,-1,-1
335,2,242.14,28.73,179.31,449.07,0.9059,-1,-1,-1
335,112,-6.05,37.81,56.95,362.97,0.8330,-1,-1,-1
335,113,418.04,131.66,58.86,216.29,0.6963,-1,-1,-1
335,103,551.27,109.58,89.80,224.57,0.8956,-1,-1,-1
335,121,78.66,175.89,29.40,88.06,0.4101,-1,-1,-1
335,108,29.86,121.01,68.63,180.32,0.7376,-1,-1,-1
336,99,465.61,77.96,97.51,274.54,0.8487,-1,-1,-1
336,60,241.37,23.46,178.19,452.58,0.9050,-1,-1,-1
336,2,242.07,23.21,177.95,452.17,0.9050,-1,-1,-1
336,113,413.63,127.57,74.17,221.83,0.6553,-1,-1,-1
336,103,551.96,104.55,89.40,226.62,0.8826,-1,-1,-1
336,108,25.98,116.06,64.44,179.25,0.7521,-1,-1,-1
337,99,467.21,70.73,108.91,275.80,0.8443,-1,-1,-1
337,60,241.69,13.74,180.05,462.98,0.9129,-1,-1,-1
337,2,242.30,13.51,179.84,462.62,0.9129,-1,-1,-1
337,113,412.84,119.82,87.47,230.27,0.7624,-1,-1,-1
337,103,565.78,97.52,76.10,225.99,0.8723,-1,-1,-1
337,108,26.65,109.65,58.66,176.86,0.8423,-1,-1,-1
338,99,470.57,69.10,113.69,282.77,0.8408,-1,-1,-1
338,60,242.08,17.80,184.54,461.23,0.9027,-1,-1,-1
338,2,242.63,17.57,184.36,460.92,0.9027,-1,-1,-1
338,113,421.80,117.60,79.61,230.50,0.7688,-1,-1,-1
338,103,586.86,97.46,55.50,224.54,0.8011,-1,-1,-1
338,108,24.78,112.62,61.61,178.91,0.8275,-1,-1,-1
339,99,468.89,67.79,117.32,287.68,0.8681,-1,-1,-1
339,60,242.06,16.80,185.54,462.14,0.9062,-1,-1,-1
339,2,242.54,16.59,185.37,461.87,0.9062,-1,-1,-1
339,113,429.61,115.55,75.26,226.83,0.7680,-1,-1,-1
339,103,594.18,94.97,46.76,228.21,0.8486,-1,-1,-1
339,108,23.60,112.49,62.72,180.65,0.8276,-1,-1,-1
339,124,-0.86,157.27,28.79,134.39,0.4014,-1,-1,-1
340,99,470.32,66.31,126.57,290.50,0.8770,-1,-1,-1
340,60,243.43,12.82,189.45,466.51,0.8863,-1,-1,-1
340,2,243.85,12.62,189.30,466.28,0.8863,-1,-1,-1
340,113,451.89,115.61,61.85,220.15,0.7128,-1,-1,-1
340,103,602.92,94.00,38.15,230.05,0.8175,-1,-1,-1
340,108,16.64,111.81,84.44,182.80,0.8413,-1,-1,-1
340,124,-0.84,125.51,24.13,165.05,0.5376,-1,-1,-1
340,125,188.99,200.71,15.65,38.30,0.4480,-1,-1,-1
341,99,490.03,65.97,122.58,294.62,0.8618,-1,-1,-1
341,60,250.41,14.34,186.71,466.10,0.8715,-1,-1,-1
341,2,250.79,14.16,186.58,465.89,0.8715,-1,-1,-1
341,113,471.91,119.29,56.29,224.54,0.7191,-1,-1,-1
341,103,610.93,111.59,30.51,216.36,0.6625,-1,-1,-1
341,108,8.75,115.53,102.54,182.96,0.8640,-1,-1,-1
341,124,0.07,115.25,27.00,175.92,0.6964,-1,-1,-1
341,126,433.77,108.86,53.93,208.00,0.7800,-1,-1,-1
342,99,511.65,61.03,117.73,299.08,0.8154,-1,-1,-1
342,60,254.63,13.15,191.23,466.18,0.8401,-1,-1,-1
342,2,254.95,12.98,191.12,466.00,0.8401,-1,-1,-1
342,113,486.18,114.31,59.30,234.11,0.8003,-1,-1,-1
342,103,614.38,106.89,26.62,222.01,0.4782,-1,-1,-1
342,108,4.87,115.44,110.73,182.44,0.8865,-1,-1,-1
342,124,1.01,109.40,34.29,181.49,0.7069,-1,-1,-1
342,126,434.25,104.83,63.23,216.41,0.7182,-1,-1,-1
342,127,229.74,170.69,34.03,86.47,0.6955,-1,-1,-1
343,99,541.72,60.59,102.68,307.07,0.8511,-1,-1,-1
343,60,255.32,16.09,208.36,466.12,0.8245,-1,-1,-1
343,2,255.62,15.94,208.26,465.97,0.8245,-1,-1,-1
343,113,500.66,116.77,68.38,241.00,0.7783,-1,-1,-1
343,108,19.02,119.83,99.07,177.42,0.8432,-1,-1,-1
343,124,2.25,114.17,46.79,187.05,0.7693,-1,-1,-1
343,126,450.84,104.93,61.14,220.55,0.7998,-1,-1,-1
343,127,227.56,174.10,37.43,88.74,0.7600,-1,-1,-1
344,99,557.31,58.57,88.02,314.44,0.8875,-1,-1,-1
344,60,259.66,14.83,212.56,465.93,0.8382,-1,-1,-1
344,2,259.94,14.69,212.46,465.79,0.8382,-1,-1,-1
344,113,505.15,118.73,76.89,241.86,0.8537,-1,-1,-1
344,108,31.31,119.67,83.29,177.59,0.8142,-1,-1,-1
344,124,1.32,116.28,54.41,184.50,0.7613,-1,-1,-1
344,126,459.16,103.57,58.65,227.87,0.7392,-1,-1,-1
344,127,221.66,173.14,37.63,90.40,0.7700,-1,-1,-1
345,99,576.22,53.82,71.05,321.01,0.8783,-1,-1,-1
345,60,272.17,6.10,216.62,472.57,0.8087,-1,-1,-1
345,2,272.42,5.97,216.53,472.45,0.8087,-1,-1,-1
345,113,517.87,115.66,80.61,244.66,0.8285,-1,-1,-1
345,108,53.15,116.03,62.31,179.81,0.8050,-1,-1,-1
345,124,0.92,117.48,65.76,179.38,0.8403,-1,-1,-1
345,126,467.65,97.53,52.76,234.86,0.4731,-1,-1,-1
345,127,211.79,169.59,43.88,94.05,0.7456,-1,-1,-1
346,99,596.71,57.68,48.96,327.24,0.7633,-1,-1,-1
346,60,295.10,6.51,204.18,473.92,0.7968,-1,-1,-1
346,2,295.33,6.39,204.10,473.82,0.7968,-1,-1,-1
346,113,541.50,117.03,83.77,253.58,0.7942,-1,-1,-1
346,108,72.13,123.63,52.83,179.43,0.7773,-1,-1,-1
346,124,4.60,127.42,75.18,175.20,0.8447,-1,-1,-1
346,126,466.83,101.97,54.95,243.87,0.4935,-1,-1,-1
346,127,210.67,175.41,47.36,95.66,0.7929,-1,-1,-1
347,60,306.34,1.73,207.31,477.39,0.8326,-1,-1,-1
347,2,306.53,1.62,207.24,477.30,0.8326,-1,-1,-1
347,113,567.67,113.10,76.41,262.19,0.8130,-1,-1,-1
347,108,84.83,127.22,60.09,178.46,0.8375,-1,-1,-1
347,124,9.81,128.68,79.68,176.35,0.8244,-1,-1,-1
347,126,485.86,97.27,57.15,248.28,0.4443,-1,-1,-1
347,127,213.28,175.91,46.75,96.78,0.7566,-1,-1,-1
348,60,314.41,-0.95,205.43,478.77,0.7764,-1,-1,-1
348,2,314.57,-1.05,205.37,478.69,0.7764,-1,-1,-1
348,113,583.48,107.06,63.41,261.51,0.8473,-1,-1,-1
348,108,87.45,126.60,71.86,175.43,0.8690,-1,-1,-1
348,124,20.86,124.65,72.24,175.98,0.7701,-1,-1,-1
348,126,491.71,87.58,75.77,261.76,0.3049,-1,-1,-1
348,127,212.77,171.09,43.41,99.41,0.6570,-1,-1,-1
349,60,319.86,0.63,207.22,479.26,0.8062,-1,-1,-1
349,2,320.00,0.54,207.16,479.19,0.8062,-1,-1,-1
349,113,598.45,111.59,47.93,261.76,0.7199,-1,-1,-1
349,108,88.30,131.62,80.77,171.68,0.8357,-1,-1,-1
349,124,40.23,126.90,62.83,176.57,0.7852,-1,-1,-1
349,126,499.83,84.74,69.38,276.68,0.5499,-1,-1,-1
349,127,207.51,171.69,43.92,102.14,0.5480,-1,-1,-1
350,60,321.12,0.58,205.99,479.15,0.8556,-1,-1,-1
350,2,321.24,0.50,205.95,479.09,0.8556,-1,-1,-1
350,113,607.85,127.13,34.63,247.96,0.6293,-1,-1,-1
350,108,87.73,130.95,83.81,173.17,0.8514,-1,-1,-1
350,124,48.96,127.98,58.25,173.40,0.7859,-1,-1,-1
350,126,505.93,80.32,61.35,294.96,0.7982,-1,-1,-1
350,127,201.92,170.39,43.70,104.06,0.6748,-1,-1,-1
350,129,25.59,158.50,35.76,117.98,0.5303,-1,-1,-1
351,60,323.26,0.09,208.95,479.06,0.8401,-1,-1,-1
351,2,323.37,0.02,208.91,479.00,0.8401,-1,-1,-1
351,108,109.52,127.89,64.32,171.02,0.8051,-1,-1,-1
351,124,51.60,127.20,76.82,171.70,0.8459,-1,-1,-1
351,126,511.84,67.73,65.03,320.72,0.7698,-1,-1,-1
351,127,197.40,168.02,44.88,104.19,0.6916,-1,-1,-1
351,129,23.97,154.98,41.20,119.88,0.5894,-1,-1,-1
352,60,326.06,-0.32,201.62,477.36,0.8305,-1,-1,-1
352,2,326.17,-0.39,201.58,477.31,0.8305,-1,-1,-1
352,108,128.46,126.04,54.95,170.07,0.8240,-1,-1,-1
352,124,53.41,128.49,92.82,168.06,0.8871,-1,-1,-1
352,126,512.59,59.35,82.87,342.43,0.5611,-1,-1,-1
352,127,193.42,165.62,46.35,107.17,0.7718,-1,-1,-1
352,129,25.05,152.13,46.78,120.95,0.3489,-1,-1,-1
353,60,330.00,-1.81,205.30,477.75,0.8403,-1,-1,-1
353,2,330.09,-1.87,205.27,477.71,0.8403,-1,-1,-1
353,108,142.49,121.84,54.94,170.75,0.8178,-1,-1,-1
353,124,57.84,129.28,96.80,163.62,0.8760,-1,-1,-1
353,126,516.38,47.88,99.91,366.09,0.8688,-1,-1,-1
353,127,194.03,160.88,45.12,109.08,0.5693,-1,-1,-1
353,129,27.30,145.67,46.04,123.78,0.3288,-1,-1,-1
353,131,0.38,91.75,38.59,254.42,0.7840,-1,-1,-1
354,60,331.26,1.71,208.93,475.78,0.8394,-1,-1,-1
354,2,331.34,1.65,208.90,475.74,0.8394,-1,-1,-1
354,108,152.26,126.18,60.09,170.71,0.8322,-1,-1,-1
354,124,65.36,133.69,93.20,162.43,0.8426,-1,-1,-1
354,126,521.64,45.04,110.70,381.81,0.9041,-1,-1,-1
354,127,194.98,164.62,40.31,107.03,0.6842,-1,-1,-1
354,129,32.13,147.21,44.80,125.85,0.2613,-1,-1,-1
354,131,1.05,90.34,43.03,261.68,0.7611,-1,-1,-1
354,132,530.97,57.63,38.34,69.34,0.5130,-1,-1,-1
355,60,330.50,1.40,220.56,475.42,0.7049,-1,-1,-1
355,2,330.57,1.34,220.53,475.39,0.7049,-1,-1,-1
355,108,155.82,132.79,78.79,168.16,0.8619,-1,-1,-1
355,124,87.06,135.37,83.68,162.17,0.8368,-1,-1,-1
355,126,539.26,36.72,103.06,400.90,0.8924,-1,-1,-1
355,131,0.35,76.00,65.27,294.02,0.8493,-1,-1,-1
355,132,537.26,49.86,45.42,100.31,0.5609,-1,-1,-1
356,60,328.78,-1.66,230.48,472.08,0.6621,-1,-1,-1
356,2,328.84,-1.70,230.46,472.05,0.6621,-1,-1,-1
356,108,153.98,128.86,86.64,166.42,0.8628,-1,-1,-1
356,124,105.56,127.89,68.87,162.68,0.7902,-1,-1,-1
356,126,552.20,18.51,90.92,418.18,0.8952,-1,-1,-1
356,131,-1.09,48.40,77.35,315.81,0.8704,-1,-1,-1
356,132,540.16,35.44,51.00,123.73,0.2728,-1,-1,-1
357,60,326.99,-1.46,233.86,478.12,0.7511,-1,-1,-1
357,2,327.04,-1.50,233.84,478.10,0.7511,-1,-1,-1
357,108,157.19,127.05,83.07,166.48,0.8381,-1,-1,-1
357,124,120.36,125.44,59.90,161.74,0.7951,-1,-1,-1
357,126,569.44,11.59,73.76,455.87,0.7955,-1,-1,-1
357,131,-2.81,37.03,98.18,319.07,0.9116,-1,-1,-1
358,60,328.52,1.89,234.51,478.61,0.7974,-1,-1,-1
358,2,328.57,1.85,234.49,478.59,0.7974,-1,-1,-1
358,108,169.44,130.19,68.50,165.09,0.7143,-1,-1,-1
358,124,126.68,130.70,59.67,161.60,0.8413,-1,-1,-1
358,126,582.27,45.51,58.57,415.22,0.7906,-1,-1,-1
358,131,-0.83,39.40,107.25,316.11,0.9061,-1,-1,-1
358,118,534.80,20.58,79.88,374.98,0.8244,-1,-1,-1
359,60,328.79,21.28,230.10,464.47,0.8331,-1,-1,-1
359,2,328.84,21.25,230.08,464.45,0.8331,-1,-1,-1
359,108,183.45,153.96,51.90,163.75,0.7842,-1,-1,-1
359,124,122.12,158.21,70.31,157.95,0.8435,-1,-1,-1
359,126,591.73,82.25,46.48,387.80,0.7897,-1,-1,-1
359,131,0.07,70.58,104.39,311.20,0.9116,-1,-1,-1
359,118,531.69,44.63,80.95,383.94,0.8600,-1,-1,-1
360,60,332.60,28.87,228.47,453.83,0.8131,-1,-1,-1
360,2,332.64,28.84,228.46,453.82,0.8131,-1,-1,-1
360,108,193.37,161.19,43.76,164.45,0.8011,-1,-1,-1
360,124,121.91,163.30,74.10,161.89,0.8403,-1,-1,-1
360,131,0.97,80.05,100.48,311.97,0.9074,-1,-1,-1
360,118,534.93,45.97,92.43,399.90,0.8534,-1,-1,-1
361,60,332.74,19.39,228.15,455.58,0.8067,-1,-1,-1
361,2,332.78,19.36,228.13,455.56,0.8067,-1,-1,-1
361,108,190.73,156.73,46.58,164.80,0.8306,-1,-1,-1
361,124,117.94,159.96,73.02,161.24,0.8033,-1,-1,-1
361,131,-2.87,73.22,96.92,317.38,0.9181,-1,-1,-1
361,118,528.57,25.45,107.82,419.10,0.8875,-1,-1,-1
362,60,333.39,11.57,224.60,462.40,0.8219,-1,-1,-1
362,2,333.42,11.55,224.58,462.38,0.8219,-1,-1,-1
362,108,184.35,152.91,52.27,163.26,0.8650,-1,-1,-1
362,124,128.55,153.83,57.55,157.42,0.7194,-1,-1,-1
362,131,-3.49,64.21,95.35,323.35,0.8995,-1,-1,-1
362,118,525.25,5.08,113.36,439.22,0.8871,-1,-1,-1
363,60,339.38,12.74,222.54,461.90,0.8706,-1,-1,-1
363,2,339.41,12.72,222.53,461.89,0.8706,-1,-1,-1
363,108,183.37,156.77,59.01,162.43,0.8109,-1,-1,-1
363,124,138.43,155.61,50.53,155.86,0.7851,-1,-1,-1
363,131,-0.81,66.36,100.51,327.08,0.8985,-1,-1,-1
363,118,530.65,0.46,111.65,451.45,0.8737,-1,-1,-1
363,135,99.85,174.81,45.33,135.31,0.7428,-1,-1,-1
364,60,349.31,17.93,213.25,458.33,0.8308,-1,-1,-1
364,2,349.34,17.91,213.24,458.32,0.8308,-1,-1,-1
364,108,184.88,164.02,59.91,162.91,0.8289,-1,-1,-1
364,124,146.05,163.03,48.17,156.37,0.8068,-1,-1,-1
364,131,-0.62,74.55,106.91,329.34,0.8798,-1,-1,-1
364,118,540.63,1.46,102.98,470.85,0.8256,-1,-1,-1
364,135,95.90,180.58,46.77,137.62,0.7116,-1,-1,-1
365,60,351.27,21.71,205.24,457.49,0.8641,-1,-1,-1
365,2,351.29,21.70,205.23,457.49,0.8641,-1,-1,-1
365,108,190.21,169.09,52.73,160.76,0.8368,-1,-1,-1
365,124,144.38,168.40,51.54,156.72,0.8375,-1,-1,-1
365,131,-1.38,81.87,107.19,327.18,0.8847,-1,-1,-1
365,118,544.98,24.57,95.74,455.73,0.8246,-1,-1,-1
365,135,83.93,179.58,49.66,144.18,0.3854,-1,-1,-1
366,60,351.94,14.61,199.02,465.80,0.8090,-1,-1,-1
366,2,351.96,14.60,199.01,465.79,0.8090,-1,-1,-1
366,108,191.55,155.71,48.98,161.78,0.8535,-1,-1,-1
366,124,132.92,159.23,73.59,155.09,0.8549,-1,-1,-1
366,131,-3.95,67.87,104.35,329.25,0.8833,-1,-1,-1
366,118,565.62,22.52,74.53,459.44,0.8544,-1,-1,-1
367,60,359.71,10.41,199.74,468.67,0.7831,-1,-1,-1
367,2,359.72,10.40,199.74,468.66,0.7831,-1,-1,-1
367,108,201.51,147.60,49.04,160.18,0.8118,-1,-1,-1
367,124,135.99,151.69,76.34,153.28,0.8683,-1,-1,-1
367,131,0.07,60.28,111.83,326.72,0.6887,-1,-1,-1
367,118,592.02,28.31,50.42,454.49,0.4231,-1,-1,-1
367,132,602.02,35.46,38.10,258.41,0.6350,-1,-1,-1
368,60,370.05,13.62,203.69,462.19,0.7972,-1,-1,-1
368,2,370.07,13.61,203.68,462.19,0.7972,-1,-1,-1
368,108,213.66,149.17,53.62,158.69,0.8367,-1,-1,-1
368,124,145.07,154.50,75.16,151.11,0.8737,-1,-1,-1
368,131,4.10,64.17,120.69,324.64,0.9084,-1,-1,-1
369,60,380.76,16.30,207.34,460.12,0.7992,-1,-1,-1
369,2,380.77,16.29,207.33,460.11,0.7992,-1,-1,-1
369,108,223.94,155.60,62.62,158.12,0.8792,-1,-1,-1
369,124,159.75,160.32,71.78,150.76,0.8360,-1,-1,-1
369,131,5.54,75.25,133.14,313.47,0.9081,-1,-1,-1
370,60,377.58,25.48,169.85,445.52,0.3531,-1,-1,-1
370,2,402.35,13.35,193.12,463.41,0.7041,-1,-1,-1
370,108,222.85,160.52,67.25,156.54,0.8730,-1,-1,-1
370,124,171.02,162.54,63.96,148.78,0.8049,-1,-1,-1
370,131,1.27,78.39,138.93,307.13,0.9045,-1,-1,-1
370,136,0.03,208.37,30.34,155.55,0.4450,-1,-1,-1
371,60,378.21,12.44,214.46,463.62,0.7239,-1,-1,-1
371,2,386.95,7.77,219.91,469.76,0.7239,-1,-1,-1
371,108,223.42,159.67,67.09,156.73,0.8603,-1,-1,-1
371,124,184.11,158.28,54.75,151.48,0.8103,-1,-1,-1
371,131,-0.14,75.14,139.25,307.98,0.8934,-1,-1,-1
371,136,-0.18,215.46,39.91,155.49,0.2539,-1,-1,-1
372,60,389.55,3.67,231.57,471.28,0.7739,-1,-1,-1
372,2,393.08,1.78,233.67,473.42,0.7739,-1,-1,-1
372,108,231.44,159.25,64.45,155.37,0.8309,-1,-1,-1
372,124,194.92,158.27,52.17,151.30,0.8387,-1,-1,-1
372,131,5.93,73.84,137.79,308.00,0.8884,-1,-1,-1
372,136,1.33,176.83,43.00,198.35,0.4373,-1,-1,-1
373,60,392.90,0.37,246.23,475.69,0.7730,-1,-1,-1
373,2,394.13,-0.37,246.72,476.31,0.7730,-1,-1,-1
373,108,247.22,158.17,59.57,156.29,0.8102,-1,-1,-1
373,124,206.49,159.10,54.46,150.67,0.7865,-1,-1,-1
373,131,17.47,78.59,136.95,307.51,0.8768,-1,-1,-1
373,136,2.27,131.87,42.39,247.58,0.5748,-1,-1,-1
374,60,398.10,-0.31,247.53,479.16,0.8052,-1,-1,-1
374,2,398.44,-0.57,247.30,479.24,0.8052,-1,-1,-1
374,108,264.28,158.91,50.31,156.66,0.8150,-1,-1,-1
374,124,214.21,163.45,58.61,148.26,0.8291,-1,-1,-1
374,131,25.15,83.54,137.07,309.96,0.9135,-1,-1,-1
374,136,1.55,109.62,47.73,273.48,0.8111,-1,-1,-1
374,138,187.56,221.22,20.36,49.17,0.6453,-1,-1,-1
375,60,413.03,-1.14,232.98,482.11,0.8331,-1,-1,-1
375,2,413.07,-1.20,232.46,481.99,0.8331,-1,-1,-1
375,108,273.33,157.79,46.14,157.46,0.8192,-1,-1,-1
375,124,217.13,163.74,59.88,147.75,0.8252,-1,-1,-1
375,131,28.64,80.10,132.54,317.56,0.9087,-1,-1,-1
375,136,-0.32,96.96,50.97,287.88,0.8408,-1,-1,-1
375,138,188.54,221.28,18.46,48.20,0.4484,-1,-1,-1
376,60,425.57,-0.75,220.03,483.36,0.8702,-1,-1,-1
376,2,425.50,-0.74,219.47,483.18,0.8702,-1,-1,-1
376,108,278.87,159.18,45.14,155.72,0.8114,-1,-1,-1
376,124,222.34,162.90,56.90,149.47,0.8276,-1,-1,-1
376,131,32.53,79.35,132.23,316.22,0.8995,-1,-1,-1
376,136,-1.55,91.37,58.14,293.59,0.8471,-1,-1,-1
376,138,187.81,219.63,18.56,48.51,0.4895,-1,-1,-1
377,60,448.34,11.37,195.30,471.07,0.8271,-1,-1,-1
377,2,448.28,11.42,194.74,470.86,0.8271,-1,-1,-1
377,108,281.25,160.50,46.36,154.73,0.8217,-1,-1,-1
377,124,229.24,160.42,50.64,147.37,0.8411,-1,-1,-1
377,131,34.76,74.09,136.02,316.95,0.9036,-1,-1,-1
377,136,-1.78,87.11,63.57,299.88,0.8691,-1,-1,-1
377,138,186.19,217.66,19.72,49.48,0.5288,-1,-1,-1
377,139,446.94,193.08,40.01,89.84,0.6946,-1,-1,-1
378,60,473.98,21.95,168.62,458.92,0.7827,-1,-1,-1
378,2,473.95,22.00,168.11,458.72,0.7827,-1,-1,-1
378,108,283.37,160.26,47.47,155.69,0.7886,-1,-1,-1
378,124,234.42,159.60,46.42,147.75,0.8088,-1,-1,-1
378,131,40.94,72.48,133.84,310.43,0.9042,-1,-1,-1
378,136,-2.05,86.61,66.94,302.33,0.8417,-1,-1,-1
378,138,186.26,217.05,19.16,49.14,0.4006,-1,-1,-1
378,139,449.29,193.59,39.94,91.55,0.7469,-1,-1,-1
379,60,499.18,35.01,142.33,444.92,0.8235,-1,-1,-1
379,2,499.19,35.07,141.89,444.75,0.8235,-1,-1,-1
379,108,287.45,156.70,47.39,154.90,0.8250,-1,-1,-1
379,124,237.79,158.28,44.58,147.72,0.7581,-1,-1,-1
379,131,42.78,70.43,132.03,311.26,0.9090,-1,-1,-1
379,136,-2.85,86.85,61.67,292.41,0.8316,-1,-1,-1
379,139,447.68,191.48,41.39,89.42,0.7358,-1,-1,-1
380,60,527.09,50.91,112.73,429.34,0.7982,-1,-1,-1
380,2,527.12,50.96,112.40,429.19,0.7982,-1,-1,-1
380,108,291.41,159.02,45.49,153.67,0.8534,-1,-1,-1
380,124,238.75,161.37,50.58,147.63,0.7777,-1,-1,-1
380,131,41.47,71.82,130.42,316.07,0.9091,-1,-1,-1
380,136,-2.43,91.67,58.12,289.07,0.8308,-1,-1,-1
380,139,444.96,193.41,41.15,91.12,0.7601,-1,-1,-1
381,60,549.84,73.31,89.17,406.41,0.8514,-1,-1,-1
381,2,549.86,73.36,88.96,406.28,0.8514,-1,-1,-1
381,108,293.04,161.78,45.69,154.35,0.8393,-1,-1,-1
381,124,236.39,167.77,56.40,145.45,0.8033,-1,-1,-1
381,131,38.27,75.18,128.34,321.70,0.9010,-1,-1,-1
381,136,-2.67,102.02,53.13,281.91,0.8099,-1,-1,-1
381,139,442.54,195.91,41.95,91.59,0.6528,-1,-1,-1
381,140,509.00,165.34,64.84,167.21,0.7992,-1,-1,-1
381,138,172.72,218.78,20.99,53.26,0.3524,-1,-1,-1
382,60,572.47,107.16,66.58,369.64,0.8172,-1,-1,-1
382,2,572.49,107.22,66.44,369.54,0.8172,-1,-1,-1
382,108,292.06,159.39,50.23,156.05,0.8302,-1,-1,-1
382,124,232.56,168.76,58.30,144.09,0.7872,-1,-1,-1
382,131,33.46,74.93,125.60,328.13,0.8928,-1,-1,-1
382,136,-3.18,114.14,45.16,236.22,0.7745,-1,-1,-1
382,139,444.82,194.47,39.27,90.63,0.5538,-1,-1,-1
382,140,508.31,163.72,74.62,171.88,0.8205,-1,-1,-1
383,60,591.88,201.08,47.33,277.00,0.6736,-1,-1,-1
383,2,591.89,201.15,47.27,276.90,0.6736,-1,-1,-1
383,108,289.76,161.24,55.81,158.52,0.8608,-1,-1,-1
383,124,228.63,171.73,59.05,144.31,0.8325,-1,-1,-1
383,131,23.78,76.13,125.68,334.87,0.9024,-1,-1,-1
383,136,-2.93,129.85,40.07,210.23,0.7271,-1,-1,-1
383,139,441.88,199.33,37.11,87.40,0.5164,-1,-1,-1
383,140,504.17,163.85,86.51,178.81,0.8430,-1,-1,-1
384,108,283.99,159.96,56.40,157.91,0.8820,-1,-1,-1
384,124,227.47,166.86,58.98,144.39,0.8165,-1,-1,-1
384,131,8.13,72.65,126.82,335.49,0.8993,-1,-1,-1
384,136,-3.23,162.76,28.93,161.41,0.5620,-1,-1,-1
384,139,433.44,195.87,41.52,87.78,0.5954,-1,-1,-1
384,140,505.61,154.30,86.43,185.76,0.8693,-1,-1,-1
385,108,283.79,159.62,55.96,157.47,0.8696,-1,-1,-1
385,124,233.39,163.49,54.09,145.16,0.8233,-1,-1,-1
385,131,1.82,68.16,126.70,334.26,0.9165,-1,-1,-1
385,139,431.95,194.39,42.24,86.66,0.7242,-1,-1,-1
385,140,510.69,148.99,82.76,192.28,0.8483,-1,-1,-1
386,108,283.27,157.66,54.43,157.51,0.8676,-1,-1,-1
386,124,236.15,160.48,51.33,147.98,0.8104,-1,-1,-1
386,131,-1.79,63.95,122.78,336.58,0.9177,-1,-1,-1
386,139,427.23,192.11,43.03,86.55,0.6964,-1,-1,-1
386,140,519.56,144.36,66.00,203.63,0.8515,-1,-1,-1
387,108,285.31,153.94,49.29,158.51,0.8399,-1,-1,-1
387,124,234.27,159.10,53.04,148.55,0.8193,-1,-1,-1
387,131,-3.16,58.47,119.03,346.09,0.9154,-1,-1,-1
387,139,421.02,190.77,42.20,86.81,0.6860,-1,-1,-1
387,140,522.13,138.32,67.88,217.97,0.8725,-1,-1,-1
388,108,287.57,154.72,45.57,159.39,0.8042,-1,-1,-1
388,124,234.54,162.33,51.98,147.19,0.8594,-1,-1,-1
388,131,-1.99,57.15,113.25,354.61,0.9080,-1,-1,-1
388,139,417.54,190.76,40.64,88.68,0.5981,-1,-1,-1
388,140,522.60,135.95,69.37,228.78,0.8618,-1,-1,-1
389,108,284.75,162.03,45.37,159.31,0.7682,-1,-1,-1
389,124,229.71,170.24,52.49,144.89,0.8681,-1,-1,-1
389,131,-2.46,60.37,108.16,357.38,0.9008,-1,-1,-1
389,139,422.16,196.67,29.67,87.63,0.4452,-1,-1,-1
389,140,522.84,136.77,72.40,241.49,0.8784,-1,-1,-1
390,108,277.47,161.71,49.59,156.01,0.8282,-1,-1,-1
390,124,223.25,167.36,53.55,147.69,0.8404,-1,-1,-1
390,131,-2.93,57.72,98.58,347.76,0.8814,-1,-1,-1
390,139,406.75,194.34,36.43,86.11,0.6970,-1,-1,-1
390,140,519.93,127.36,75.11,252.63,0.8743,-1,-1,-1
391,108,269.00,161.87,49.13,154.25,0.7900,-1,-1,-1
391,124,215.96,164.67,51.01,144.60,0.8555,-1,-1,-1
391,131,-3.16,81.43,83.64,323.23,0.8843,-1,-1,-1
391,139,396.01,192.09,36.06,84.56,0.6724,-1,-1,-1
391,140,508.92,116.58,91.78,265.36,0.8818,-1,-1,-1
392,108,264.51,158.60,49.90,156.57,0.7479,-1,-1,-1
392,124,213.35,161.95,48.20,145.04,0.8308,-1,-1,-1
392,131,-1.42,92.15,68.25,314.86,0.8573,-1,-1,-1
392,139,388.65,192.06,36.41,80.21,0.7530,-1,-1,-1
392,140,501.86,109.19,110.95,275.51,0.8903,-1,-1,-1
392,146,350.19,217.23,13.32,32.90,0.3846,-1,-1,-1
393,108,260.09,162.99,51.91,154.32,0.8069,-1,-1,-1
393,124,210.25,164.57,46.67,148.20,0.8187,-1,-1,-1
393,131,-0.62,101.86,54.09,311.10,0.7828,-1,-1,-1
393,139,382.82,196.28,36.94,81.60,0.7256,-1,-1,-1
393,140,494.43,107.06,136.90,296.87,0.9025,-1,-1,-1
393,146,342.52,219.91,13.01,33.77,0.4788,-1,-1,-1
394,108,261.75,162.34,51.28,154.02,0.7966,-1,-1,-1
394,124,212.63,165.00,45.87,149.37,0.8239,-1,-1,-1
394,131,1.31,104.59,61.98,311.48,0.6979,-1,-1,-1
394,139,382.94,196.24,37.29,82.45,0.7380,-1,-1,-1
394,140,494.84,103.25,145.80,311.21,0.9112,-1,-1,-1
394,146,342.32,220.83,12.57,33.59,0.3722,-1,-1,-1
395,108,256.21,158.83,51.15,154.63,0.8398,-1,-1,-1
395,124,208.18,161.56,49.99,149.91,0.8530,-1,-1,-1
395,131,-0.28,103.72,42.12,253.27,0.6573,-1,-1,-1
395,139,377.51,193.16,37.08,83.44,0.7644,-1,-1,-1
395,140,489.36,94.23,152.95,332.01,0.9142,-1,-1,-1
395,146,335.68,218.52,11.92,33.08,0.2936,-1,-1,-1
396,108,253.91,161.21,49.13,155.30,0.8373,-1,-1,-1
396,124,204.24,165.68,54.59,149.97,0.8394,-1,-1,-1
396,131,-0.19,110.03,26.86,228.63,0.6883,-1,-1,-1
396,139,373.33,196.86,36.05,82.73,0.7302,-1,-1,-1
396,140,488.43,88.89,155.54,356.15,0.9193,-1,-1,-1
397,108,253.79,164.55,48.04,155.15,0.8373,-1,-1,-1
397,124,200.49,168.88,54.63,148.43,0.8517,-1,-1,-1
397,139,370.59,199.97,32.97,81.13,0.4871,-1,-1,-1
397,140,491.93,79.80,152.68,381.74,0.9147,-1,-1,-1
398,108,254.33,168.10,47.58,154.75,0.8324,-1,-1,-1
398,124,199.83,172.26,53.42,147.47,0.8325,-1,-1,-1
398,139,369.77,201.85,32.88,80.45,0.5843,-1,-1,-1
398,140,505.96,65.33,141.21,406.51,0.8971,-1,-1,-1
398,146,323.82,219.81,13.10,37.95,0.4336,-1,-1,-1
399,108,253.68,166.13,49.11,155.24,0.8189,-1,-1,-1
399,124,200.29,170.07,52.67,147.39,0.8104,-1,-1,-1
399,139,368.67,197.38,34.90,82.68,0.5748,-1,-1,-1
399,140,518.55,44.63,128.81,434.16,0.8849,-1,-1,-1
399,146,321.99,219.32,14.45,36.31,0.3617,-1,-1,-1
400,108,251.45,164.56,48.84,153.69,0.8584,-1,-1,-1
400,124,203.57,165.70,47.11,147.95,0.8163,-1,-1,-1
400,139,365.04,195.51,33.36,83.84,0.7028,-1,-1,-1
400,140,535.11,27.85,110.15,456.23,0.8502,-1,-1,-1
400,146,317.11,217.97,14.01,36.07,0.3485,-1,-1,-1
401,108,248.55,164.74,48.51,151.58,0.8306,-1,-1,-1
401,124,199.99,164.53,50.02,147.89,0.8370,-1,-1,-1
401,139,359.64,198.21,32.62,82.24,0.4776,-1,-1,-1
401,140,557.34,24.17,85.42,462.91,0.8554,-1,-1,-1
402,108,246.22,160.97,46.79,150.37,0.8265,-1,-1,-1
402,124,197.08,160.98,50.50,148.78,0.8397,-1,-1,-1
402,139,353.96,198.68,34.38,78.29,0.2657,-1,-1,-1
402,140,580.33,55.38,62.95,429.93,0.8286,-1,-1,-1
403,108,245.55,165.66,49.19,148.45,0.8471,-1,-1,-1
403,124,198.18,164.58,50.07,147.54,0.8565,-1,-1,-1
403,139,352.21,195.67,34.37,82.27,0.4305,-1,-1,-1
403,140,597.56,86.40,43.84,395.51,0.4066,-1,-1,-1
404,108,244.68,166.01,50.76,148.56,0.8152,-1,-1,-1
404,124,198.39,166.20,48.77,145.59,0.8520,-1,-1,-1
404,139,350.36,193.92,34.44,81.85,0.5321,-1,-1,-1
405,108,244.19,165.09,51.05,147.84,0.8255,-1,-1,-1
405,124,196.42,166.72,50.28,143.46,0.8551,-1,-1,-1
405,139,348.00,193.22,32.43,80.02,0.5735,-1,-1,-1
405,146,300.34,215.94,14.23,34.39,0.3752,-1,-1,-1
406,108,244.26,164.89,49.48,145.04,0.8270,-1,-1,-1
406,124,195.61,166.20,51.47,140.54,0.8376,-1,-1,-1
406,139,346.72,192.09,32.47,81.14,0.6692,-1,-1,-1
406,146,298.97,213.31,14.48,36.71,0.2717,-1,-1,-1
407,108,247.35,161.25,47.30,143.91,0.8035,-1,-1,-1
407,124,195.60,161.10,50.68,141.93,0.8292,-1,-1,-1
407,139,346.12,191.48,31.56,79.54,0.6988,-1,-1,-1
408,108,249.78,159.38,46.01,143.62,0.8270,-1,-1,-1
408,124,197.76,156.82,47.38,145.05,0.8224,-1,-1,-1
408,139,345.44,191.03,31.98,78.39,0.7891,-1,-1,-1
409,108,249.70,157.00,46.13,144.14,0.8137,-1,-1,-1
409,124,197.05,155.40,46.29,144.58,0.8380,-1,-1,-1
409,139,344.94,187.75,32.85,79.08,0.7918,-1,-1,-1
410,108,246.52,157.38,46.68,144.91,0.8264,-1,-1,-1
410,124,192.02,157.72,47.82,142.99,0.8356,-1,-1,-1
410,139,339.28,185.61,34.08,80.02,0.5613,-1,-1,-1
411,108,242.81,157.82,45.18,144.89,0.8172,-1,-1,-1
411,124,185.18,158.40,50.32,140.29,0.8485,-1,-1,-1
411,139,334.20,187.91,33.91,76.45,0.3803,-1,-1,-1
412,108,238.42,161.36,45.45,142.79,0.8009,-1,-1,-1
412,124,182.55,162.06,46.32,139.88,0.8242,-1,-1,-1
412,139,328.00,189.07,33.39,76.86,0.6979,-1,-1,-1
413,108,236.46,159.76,46.57,142.24,0.7735,-1,-1,-1
413,124,182.55,161.47,44.43,139.49,0.8220,-1,-1,-1
413,139,325.08,187.53,33.67,76.58,0.5349,-1,-1,-1
414,108,233.53,162.46,46.60,139.98,0.7848,-1,-1,-1
414,124,178.97,162.00,47.09,139.52,0.8273,-1,-1,-1
414,139,318.52,188.57,35.78,76.49,0.6138,-1,-1,-1
415,108,227.95,160.91,45.67,139.97,0.8078,-1,-1,-1
415,124,173.33,160.69,47.77,139.67,0.8282,-1,-1,-1
415,139,311.62,190.75,33.91,74.60,0.4624,-1,-1,-1
415,153,549.05,145.07,89.55,274.51,0.8507,-1,-1,-1
416,108,222.43,164.69,45.93,138.99,0.7812,-1,-1,-1
416,124,169.75,162.62,49.63,138.81,0.8229,-1,-1,-1
416,139,304.73,194.79,29.86,72.81,0.3410,-1,-1,-1
416,153,543.78,107.22,94.63,318.92,0.8902,-1,-1,-1
417,108,219.64,169.02,43.65,137.58,0.7351,-1,-1,-1
417,124,168.88,164.19,49.12,139.60,0.8352,-1,-1,-1
417,139,300.96,194.54,30.72,75.70,0.6706,-1,-1,-1
417,153,543.76,56.68,95.62,377.03,0.8590,-1,-1,-1
418,108,213.24,166.42,49.32,135.97,0.8222,-1,-1,-1
418,124,167.02,162.22,49.04,137.72,0.8473,-1,-1,-1
418,139,297.36,191.99,31.15,73.53,0.6019,-1,-1,-1
418,153,543.20,25.05,97.81,407.63,0.8707,-1,-1,-1
419,108,210.66,168.84,49.54,134.45,0.8021,-1,-1,-1
419,124,165.40,165.72,49.53,135.30,0.8385,-1,-1,-1
419,139,294.59,192.09,31.48,74.38,0.7494,-1,-1,-1
419,153,529.88,16.18,109.43,419.83,0.8962,-1,-1,-1
420,108,207.44,168.02,45.89,132.61,0.7918,-1,-1,-1
420,124,160.58,165.32,48.97,134.55,0.8040,-1,-1,-1
420,139,287.57,192.06,31.84,71.39,0.7500,-1,-1,-1
420,153,502.25,12.45,133.58,429.86,0.9185,-1,-1,-1
421,108,202.43,167.72,43.55,129.66,0.7574,-1,-1,-1
421,124,153.97,166.49,47.68,130.77,0.8402,-1,-1,-1
421,139,280.01,191.70,32.06,72.85,0.8138,-1,-1,-1
421,153,479.23,15.72,155.96,432.33,0.9189,-1,-1,-1
422,108,199.45,164.60,42.52,130.80,0.7857,-1,-1,-1
422,124,151.80,164.27,46.48,130.31,0.8325,-1,-1,-1
422,139,276.80,190.26,30.96,73.72,0.7364,-1,-1,-1
422,153,466.28,20.74,168.87,429.08,0.9191,-1,-1,-1
423,108,195.62,160.78,41.98,130.98,0.7961,-1,-1,-1
423,124,147.33,160.86,46.15,132.21,0.8229,-1,-1,-1
423,139,271.40,189.77,30.67,72.20,0.6319,-1,-1,-1
423,153,455.73,26.12,174.95,426.91,0.9169,-1,-1,-1
424,108,193.05,161.19,40.39,130.75,0.7994,-1,-1,-1
424,124,142.89,160.08,45.07,133.48,0.8041,-1,-1,-1
424,139,266.19,188.30,29.87,73.56,0.7524,-1,-1,-1
424,153,442.95,34.30,179.77,420.14,0.8874,-1,-1,-1
425,108,185.81,159.77,40.31,131.51,0.7889,-1,-1,-1
425,124,135.43,160.08,45.58,131.86,0.8080,-1,-1,-1
425,139,258.46,186.26,29.81,73.12,0.7063,-1,-1,-1
425,153,428.01,38.65,183.34,412.18,0.8982,-1,-1,-1
426,108,183.27,159.06,39.24,130.05,0.7942,-1,-1,-1
426,124,131.34,158.50,47.72,131.46,0.7797,-1,-1,-1
426,139,254.77,183.75,28.80,73.00,0.6914,-1,-1,-1
426,153,418.59,41.18,187.07,405.98,0.8713,-1,-1,-1
427,108,177.10,156.80,42.35,129.98,0.7679,-1,-1,-1
427,124,124.57,157.57,49.07,130.10,0.7878,-1,-1,-1
427,139,248.37,179.48,27.98,74.96,0.7291,-1,-1,-1
427,153,408.17,40.90,169.85,401.59,0.8805,-1,-1,-1
428,108,173.93,152.85,41.92,129.60,0.7951,-1,-1,-1
428,124,119.82,156.68,50.62,128.62,0.8163,-1,-1,-1
428,139,241.59,178.40,28.64,73.70,0.6687,-1,-1,-1
428,153,403.23,39.51,145.03,387.53,0.9018,-1,-1,-1
428,154,563.06,15.89,74.43,439.99,0.8489,-1,-1,-1
429,108,170.35,152.22,42.38,129.15,0.7994,-1,-1,-1
429,124,116.08,155.99,49.34,127.49,0.7954,-1,-1,-1
429,139,234.96,178.67,28.19,74.09,0.7572,-1,-1,-1
429,153,397.38,41.55,124.34,368.25,0.9054,-1,-1,-1
430,108,166.33,153.23,41.84,128.05,0.7855,-1,-1,-1
430,124,112.12,155.16,50.05,126.84,0.8178,-1,-1,-1
430,139,229.30,181.07,27.40,72.32,0.5696,-1,-1,-1
430,153,372.85,46.51,127.17,357.51,0.8954,-1,-1,-1
430,155,415.00,1.07,222.56,477.94,0.8965,-1,-1,-1
431,108,164.06,153.17,43.17,125.21,0.7832,-1,-1,-1
431,124,109.63,152.55,50.77,125.69,0.7934,-1,-1,-1
431,139,223.59,178.93,29.27,71.70,0.7435,-1,-1,-1
431,153,348.82,49.63,135.51,347.07,0.8956,-1,-1,-1
431,155,391.35,0.99,242.12,475.96,0.8793,-1,-1,-1
432,108,161.71,154.92,42.29,122.17,0.6760,-1,-1,-1
432,124,108.21,152.04,51.64,124.59,0.8176,-1,-1,-1
432,139,220.87,175.00,30.01,74.55,0.7563,-1,-1,-1
432,153,336.17,51.31,130.36,323.51,0.8706,-1,-1,-1
432,155,402.76,-0.18,234.27,475.18,0.8881,-1,-1,-1
432,156,0.19,131.24,58.56,197.74,0.6872,-1,-1,-1
433,108,158.26,154.78,42.14,121.77,0.7053,-1,-1,-1
433,124,107.25,153.85,51.03,122.68,0.8293,-1,-1,-1
433,139,217.75,175.71,30.26,73.19,0.8186,-1,-1,-1
433,153,330.84,55.43,112.89,312.96,0.8565,-1,-1,-1
433,155,406.13,1.18,229.41,474.59,0.8542,-1,-1,-1
433,156,1.57,109.53,67.49,239.66,0.6652,-1,-1,-1
434,108,154.80,155.87,41.60,119.10,0.7952,-1,-1,-1
434,124,102.74,157.61,50.48,118.42,0.8361,-1,-1,-1
434,139,210.85,174.65,30.79,73.43,0.7606,-1,-1,-1
434,153,321.44,60.68,95.81,303.57,0.7950,-1,-1,-1
434,155,383.47,3.18,198.00,466.37,0.7955,-1,-1,-1
434,156,2.34,77.44,75.39,280.23,0.6242,-1,-1,-1
435,108,151.05,152.09,40.87,119.13,0.7762,-1,-1,-1
435,124,97.20,153.59,51.22,120.87,0.8350,-1,-1,-1
435,139,207.23,174.22,30.55,72.50,0.6597,-1,-1,-1
435,153,312.01,83.50,74.91,283.62,0.7107,-1,-1,-1
435,155,353.75,-0.66,174.81,474.92,0.8552,-1,-1,-1
435,156,-0.73,57.28,78.25,304.00,0.5675,-1,-1,-1
436,108,149.14,148.35,39.61,118.83,0.7938,-1,-1,-1
436,124,93.22,150.65,47.35,120.19,0.8044,-1,-1,-1
436,139,203.68,172.90,28.29,71.94,0.6914,-1,-1,-1
436,155,310.58,3.88,178.08,473.93,0.8962,-1,-1,-1
437,108,144.94,149.26,41.07,119.79,0.7414,-1,-1,-1
437,124,86.68,149.57,46.72,121.49,0.8180,-1,-1,-1
437,155,262.86,1.26,208.72,480.34,0.9259,-1,-1,-1
437,156,-0.48,58.09,74.60,278.89,0.3918,-1,-1,-1
438,108,82.17,154.33,47.13,122.69,0.8289,-1,-1,-1
438,155,195.77,-3.46,263.07,499.18,0.9043,-1,-1,-1
438,161,144.43,155.71,40.72,112.63,0.7582,-1,-1,-1
438,162,556.30,67.83,77.66,340.56,0.8624,-1,-1,-1
439,108,77.10,150.29,47.16,123.32,0.8399,-1,-1,-1
439,155,178.65,-1.91,275.22,493.37,0.8629,-1,-1,-1
439,161,138.90,151.42,38.98,117.61,0.8132,-1,-1,-1
439,162,535.22,75.09,98.73,330.66,0.8993,-1,-1,-1
439,164,-3.08,75.24,71.59,291.49,0.3913,-1,-1,-1
439,165,384.16,135.33,49.01,174.33,0.6424,-1,-1,-1
440,155,110.37,-3.65,316.32,493.05,0.8433,-1,-1,-1
440,162,522.93,77.29,112.24,331.16,0.9119,-1,-1,-1
440,164,-4.15,56.43,70.14,339.21,0.6908,-1,-1,-1
440,165,371.20,135.51,53.69,178.51,0.7038,-1,-1,-1
441,155,31.95,-4.96,302.14,495.82,0.8620,-1,-1,-1
441,162,524.14,80.05,113.71,333.45,0.8889,-1,-1,-1
441,165,367.84,136.96,53.12,180.36,0.7121,-1,-1,-1
441,166,281.75,64.04,106.43,311.77,0.7948,-1,-1,-1
442,155,3.71,-5.15,267.60,491.46,0.7042,-1,-1,-1
442,162,530.32,79.51,103.26,323.33,0.8631,-1,-1,-1
442,165,366.64,136.89,51.12,179.40,0.7609,-1,-1,-1
442,166,263.62,65.43,119.52,326.49,0.8811,-1,-1,-1
443,155,-8.97,-4.70,227.63,488.50,0.7459,-1,-1,-1
443,162,523.88,77.31,102.33,314.52,0.7488,-1,-1,-1
443,165,364.13,133.63,48.36,179.69,0.7380,-1,-1,-1
443,166,253.19,62.26,123.32,335.28,0.8875,-1,-1,-1
443,168,608.65,83.62,30.78,230.93,0.4612,-1,-1,-1
444,162,504.43,83.32,108.59,303.97,0.6016,-1,-1,-1
444,165,359.59,135.50,47.46,180.14,0.7316,-1,-1,-1
444,166,247.89,63.31,121.31,328.66,0.8924,-1,-1,-1
444,170,557.05,86.30,81.72,303.58,0.7341,-1,-1,-1
445,162,520.88,81.11,93.17,316.08,0.5216,-1,-1,-1
445,165,357.24,137.80,50.11,180.43,0.7980,-1,-1,-1
445,166,245.15,61.85,119.83,323.97,0.8937,-1,-1,-1
445,170,580.93,84.70,59.32,276.35,0.6836,-1,-1,-1
445,172,141.49,156.35,39.16,117.11,0.7744,-1,-1,-1
446,162,479.37,84.69,140.52,309.47,0.8933,-1,-1,-1
446,165,348.05,139.67,59.24,176.73,0.7750,-1,-1,-1
446,166,245.42,60.79,113.57,319.04,0.8979,-1,-1,-1
446,170,583.21,76.73,56.04,287.04,0.8483,-1,-1,-1
446,172,145.71,156.68,40.45,114.75,0.7492,-1,-1,-1
446,173,95.27,153.17,43.21,118.55,0.8077,-1,-1,-1
446,174,192.31,177.40,29.24,71.67,0.6198,-1,-1,-1
447,162,470.26,87.72,153.53,309.94,0.8475,-1,-1,-1
447,165,343.50,143.46,63.32,176.59,0.7891,-1,-1,-1
447,166,240.76,61.92,111.38,323.13,0.8948,-1,-1,-1
447,170,577.90,81.65,60.74,285.77,0.8191,-1,-1,-1
447,172,147.82,159.57,41.81,113.65,0.7081,-1,-1,-1
447,173,96.74,154.10,46.11,118.69,0.7882,-1,-1,-1
447,174,193.52,179.93,29.94,70.49,0.5499,-1,-1,-1
447,175,0.94,0.39,101.58,308.72,0.7399,-1,-1,-1
448,162,468.40,85.70,140.88,308.48,0.8569,-1,-1,-1
448,165,342.88,141.98,62.95,177.78,0.7880,-1,-1,-1
448,166,237.49,61.28,108.45,326.51,0.8920,-1,-1,-1
448,170,575.01,82.47,63.06,288.47,0.8027,-1,-1,-1
448,172,148.69,157.79,41.73,113.36,0.7693,-1,-1,-1
448,173,98.52,152.13,47.39,117.60,0.8174,-1,-1,-1
448,174,193.06,180.58,32.23,68.98,0.5858,-1,-1,-1
448,175,1.21,-0.63,104.24,436.32,0.8845,-1,-1,-1
449,162,477.54,85.55,115.76,304.19,0.8424,-1,-1,-1
449,165,344.14,143.29,63.26,177.64,0.7879,-1,-1,-1
449,166,239.91,65.44,104.28,328.74,0.8941,-1,-1,-1
449,170,559.56,88.04,80.86,291.16,0.5435,-1,-1,-1
449,172,151.20,159.21,39.22,112.88,0.7934,-1,-1,-1
449,173,103.00,156.96,47.05,114.37,0.8283,-1,-1,-1
449,174,196.61,183.13,32.96,69.30,0.6076,-1,-1,-1
449,175,0.63,0.55,110.34,482.40,0.8933,-1,-1,-1
450,162,492.42,82.69,106.11,309.33,0.8298,-1,-1,-1
450,165,353.51,140.38,60.07,176.46,0.8353,-1,-1,-1
450,166,243.67,66.54,103.01,327.36,0.8901,-1,-1,-1
450,170,553.92,87.79,89.04,276.59,0.5575,-1,-1,-1
450,172,159.85,158.55,38.02,112.48,0.8060,-1,-1,-1
450,173,113.17,158.49,46.11,113.63,0.7856,-1,-1,-1
450,174,205.08,182.80,32.69,69.90,0.6943,-1,-1,-1
450,175,1.69,0.31,119.60,497.34,0.8710,-1,-1,-1
451,162,489.92,84.92,111.40,313.51,0.8499,-1,-1,-1
451,165,358.66,140.55,59.57,177.33,0.8256,-1,-1,-1
451,166,237.53,67.13,112.31,328.55,0.8778,-1,-1,-1
451,170,554.83,89.54,88.05,276.81,0.6900,-1,-1,-1
451,172,165.43,160.83,38.85,111.81,0.7898,-1,-1,-1
451,173,120.20,160.55,44.42,113.15,0.8024,-1,-1,-1
451,174,209.36,184.17,31.64,69.64,0.5818,-1,-1,-1
451,175,0.80,3.46,128.26,497.66,0.9075,-1,-1,-1
452,162,482.31,87.00,127.45,317.32,0.8439,-1,-1,-1
452,165,360.98,139.54,61.31,179.70,0.7613,-1,-1,-1
452,166,229.74,63.96,121.09,325.47,0.8976,-1,-1,-1
452,170,572.08,86.80,71.47,275.57,0.6923,-1,-1,-1
452,172,174.10,160.78,37.20,112.33,0.8049,-1,-1,-1
452,173,130.19,159.37,42.93,112.81,0.8057,-1,-1,-1
452,175,1.11,4.08,135.66,494.46,0.9111,-1,-1,-1
453,162,484.84,84.13,133.26,321.73,0.8522,-1,-1,-1
453,165,363.26,138.06,68.94,179.90,0.7732,-1,-1,-1
453,166,232.00,57.26,124.91,326.03,0.8821,-1,-1,-1
453,170,580.08,79.53,63.32,290.50,0.7390,-1,-1,-1
453,172,182.79,160.26,35.57,111.13,0.7900,-1,-1,-1
453,173,139.16,157.59,42.10,111.87,0.8193,-1,-1,-1
453,175,1.38,3.19,147.48,491.12,0.9064,-1,-1,-1
454,162,497.08,85.51,124.91,326.76,0.8654,-1,-1,-1
454,165,370.98,143.46,71.52,180.57,0.8145,-1,-1,-1
454,166,239.12,59.99,127.06,329.59,0.9030,-1,-1,-1
454,170,587.98,81.82,55.05,298.75,0.7580,-1,-1,-1
454,172,192.37,164.25,35.29,111.52,0.8000,-1,-1,-1
454,173,150.52,160.31,39.10,113.31,0.7884,-1,-1,-1
454,175,1.89,5.64,157.89,487.54,0.9141,-1,-1,-1
455,162,503.10,78.86,112.20,320.72,0.8730,-1,-1,-1
455,165,377.50,140.14,71.22,182.47,0.8281,-1,-1,-1
455,166,250.53,57.74,122.77,336.94,0.8962,-1,-1,-1
455,170,577.17,80.84,64.71,305.75,0.7521,-1,-1,-1
455,172,198.73,161.75,37.87,110.74,0.7637,-1,-1,-1
455,173,159.75,158.99,37.75,111.10,0.8077,-1,-1,-1
455,175,1.66,0.79,168.29,488.65,0.8871,-1,-1,-1
456,162,504.13,79.74,106.70,319.94,0.8724,-1,-1,-1
456,165,381.65,140.91,69.77,185.10,0.7731,-1,-1,-1
456,166,257.60,61.14,120.29,340.99,0.8838,-1,-1,-1
456,170,583.11,83.32,58.20,292.01,0.7748,-1,-1,-1
456,172,205.32,162.39,38.02,110.93,0.7777,-1,-1,-1
456,173,168.44,161.92,34.04,108.44,0.6908,-1,-1,-1
456,175,1.00,1.69,177.90,485.66,0.8859,-1,-1,-1
457,162,489.67,84.92,124.45,324.32,0.8824,-1,-1,-1
457,165,389.14,142.56,66.44,184.27,0.7405,-1,-1,-1
457,166,265.77,65.79,121.22,347.16,0.8821,-1,-1,-1
457,170,597.64,87.15,44.45,291.07,0.7489,-1,-1,-1
457,172,214.35,165.01,37.35,110.65,0.7627,-1,-1,-1
457,173,178.93,166.92,33.99,106.52,0.7366,-1,-1,-1
457,175,3.06,6.68,189.62,478.51,0.8834,-1,-1,-1
458,162,480.26,83.94,141.22,328.65,0.8930,-1,-1,-1
458,165,393.72,138.29,62.46,184.85,0.8172,-1,-1,-1
458,166,271.97,62.66,120.86,349.74,0.8836,-1,-1,-1
458,170,605.83,80.94,34.95,299.06,0.7272,-1,-1,-1
458,172,223.35,161.92,34.88,110.36,0.7653,-1,-1,-1
458,173,187.81,164.05,31.98,104.98,0.5360,-1,-1,-1
458,175,11.81,3.31,191.93,478.71,0.8728,-1,-1,-1
459,162,484.10,90.00,149.75,331.93,0.8957,-1,-1,-1
459,165,400.75,144.04,61.18,186.22,0.7878,-1,-1,-1
459,166,275.56,68.34,123.90,353.72,0.8803,-1,-1,-1
459,170,604.26,85.37,36.05,291.99,0.6145,-1,-1,-1
459,172,232.79,168.91,32.60,109.27,0.7595,-1,-1,-1
459,175,31.09,7.44,191.73,477.15,0.8385,-1,-1,-1
459,174,272.41,194.43,20.80,66.06,0.3525,-1,-1,-1
460,162,489.10,87.66,148.52,338.20,0.8785,-1,-1,-1
460,165,401.66,143.30,61.56,188.28,0.7968,-1,-1,-1
460,166,274.31,65.51,128.76,355.78,0.8956,-1,-1,-1
460,170,605.22,80.25,34.31,300.80,0.6392,-1,-1,-1
460,172,235.27,167.64,31.90,109.34,0.7274,-1,-1,-1
460,175,36.06,3.57,195.41,481.05,0.8569,-1,-1,-1
461,162,503.78,81.50,121.63,327.59,0.8676,-1,-1,-1
461,165,405.88,141.28,59.93,190.68,0.8032,-1,-1,-1
461,166,277.15,58.11,131.37,349.49,0.9053,-1,-1,-1
461,170,602.62,76.52,37.82,304.52,0.6704,-1,-1,-1
461,172,241.42,165.18,31.60,109.67,0.7182,-1,-1,-1
461,175,45.88,0.54,196.10,483.06,0.8821,-1,-1,-1
462,162,510.28,81.65,108.97,329.54,0.8476,-1,-1,-1
462,165,404.87,143.93,62.00,192.51,0.8332,-1,-1,-1
462,166,278.62,57.70,128.96,347.15,0.8935,-1,-1,-1
462,170,592.84,79.47,46.54,300.93,0.7029,-1,-1,-1
462,172,242.33,166.54,35.14,111.12,0.7215,-1,-1,-1
462,175,49.97,1.20,194.63,481.16,0.8681,-1,-1,-1
463,162,504.32,88.64,119.53,333.10,0.8842,-1,-1,-1
463,165,407.26,147.97,56.54,194.62,0.8210,-1,-1,-1
463,166,279.55,61.45,123.93,349.66,0.8943,-1,-1,-1
463,170,585.64,87.28,51.98,296.99,0.6669,-1,-1,-1
463,172,243.40,168.46,34.65,111.57,0.7092,-1,-1,-1
463,175,51.84,5.18,196.44,479.54,0.8517,-1,-1,-1
464,162,487.98,88.84,136.17,336.85,0.8727,-1,-1,-1
464,165,406.28,145.98,55.15,193.94,0.7830,-1,-1,-1
464,166,280.12,58.62,115.87,355.76,0.8841,-1,-1,-1
464,170,585.53,87.89,50.76,297.09,0.7478,-1,-1,-1
464,172,241.96,168.51,33.50,109.46,0.7382,-1,-1,-1
464,175,49.12,0.92,197.19,482.34,0.8768,-1,-1,-1
465,162,478.17,89.50,142.73,337.25,0.8835,-1,-1,-1
465,165,406.19,142.91,55.38,191.64,0.7478,-1,-1,-1
465,166,281.39,56.28,108.68,360.77,0.8802,-1,-1,-1
465,170,587.48,86.14,49.09,304.80,0.7926,-1,-1,-1
465,172,240.28,169.02,34.39,106.76,0.7135,-1,-1,-1
465,175,46.93,-0.31,197.97,482.98,0.8874,-1,-1,-1
466,162,477.58,89.59,136.17,339.15,0.8833,-1,-1,-1
466,165,406.03,141.75,55.72,191.55,0.7612,-1,-1,-1
466,166,279.81,56.96,105.89,362.29,0.8848,-1,-1,-1
466,170,591.89,85.16,45.71,309.00,0.8247,-1,-1,-1
466,172,241.49,166.44,34.41,110.10,0.6954,-1,-1,-1
466,175,46.25,-0.20,198.36,482.92,0.8539,-1,-1,-1
467,162,479.52,87.28,117.83,331.76,0.8819,-1,-1,-1
467,165,400.38,141.71,63.44,192.45,0.7694,-1,-1,-1
467,166,274.29,58.21,109.44,364.23,0.8932,-1,-1,-1
467,170,588.35,84.20,49.99,314.10,0.8733,-1,-1,-1
467,172,243.32,167.45,35.01,108.97,0.6915,-1,-1,-1
467,175,46.60,-0.72,199.41,482.80,0.8861,-1,-1,-1
468,162,470.30,82.14,108.16,325.83,0.8662,-1,-1,-1
468,165,400.40,139.92,62.16,192.77,0.7424,-1,-1,-1
468,166,268.22,51.88,111.38,370.37,0.8778,-1,-1,-1
468,170,574.55,84.29,62.09,315.32,0.8729,-1,-1,-1
468,172,238.41,165.58,35.19,107.10,0.5254,-1,-1,-1
468,175,43.31,-3.53,198.64,483.51,0.8912,-1,-1,-1
469,162,447.67,82.07,121.06,327.49,0.8494,-1,-1,-1
469,165,400.15,139.31,60.97,193.29,0.7109,-1,-1,-1
469,166,258.41,45.76,120.64,365.34,0.8723,-1,-1,-1
469,170,562.14,85.43,74.29,316.52,0.8594,-1,-1,-1
469,175,40.65,-2.67,202.24,477.87,0.8561,-1,-1,-1
470,162,434.88,85.05,130.17,329.69,0.8919,-1,-1,-1
470,165,401.34,140.07,62.36,189.47,0.7672,-1,-1,-1
470,166,254.86,43.51,130.44,364.63,0.8750,-1,-1,-1
470,170,554.80,84.18,84.44,305.92,0.8733,-1,-1,-1
470,175,41.07,-0.20,209.39,480.19,0.8562,-1,-1,-1
471,162,433.46,86.47,133.42,329.56,0.8881,-1,-1,-1
471,165,402.31,137.70,63.31,190.82,0.5920,-1,-1,-1
471,166,254.91,41.11,138.14,365.16,0.8792,-1,-1,-1
471,170,550.87,79.66,90.28,306.58,0.7523,-1,-1,-1
471,175,44.48,0.66,213.51,480.67,0.8749,-1,-1,-1
472,162,435.55,83.61,128.61,330.98,0.8809,-1,-1,-1
472,165,401.17,133.71,64.98,192.70,0.6258,-1,-1,-1
472,166,256.92,36.54,139.53,368.77,0.8852,-1,-1,-1
472,170,554.73,74.89,85.19,315.11,0.8591,-1,-1,-1
472,175,50.25,-0.04,213.20,480.20,0.8802,-1,-1,-1
473,162,438.24,78.66,116.09,326.21,0.8927,-1,-1,-1
473,165,401.79,130.08,61.05,193.73,0.6296,-1,-1,-1
473,166,261.43,33.08,130.83,378.80,0.8721,-1,-1,-1
473,170,563.59,71.33,73.58,320.63,0.8809,-1,-1,-1
473,175,55.93,-0.81,215.21,476.00,0.8506,-1,-1,-1
474,162,443.80,76.43,107.07,321.85,0.8470,-1,-1,-1
474,165,405.83,130.42,56.75,194.82,0.7490,-1,-1,-1
474,166,270.52,32.92,122.59,383.84,0.8807,-1,-1,-1
474,170,549.04,72.42,88.79,319.29,0.8477,-1,-1,-1
474,175,65.36,-0.34,216.87,477.41,0.8411,-1,-1,-1
475,162,449.62,74.51,108.87,327.03,0.8482,-1,-1,-1
475,165,412.40,130.01,55.83,197.16,0.3909,-1,-1,-1
475,166,276.89,35.08,121.13,387.70,0.8838,-1,-1,-1
475,170,535.07,72.98,105.79,304.38,0.9071,-1,-1,-1
475,175,72.19,0.72,219.73,476.03,0.8606,-1,-1,-1
476,162,451.42,78.23,114.53,329.65,0.8854,-1,-1,-1
476,166,281.16,40.08,121.01,389.34,0.8852,-1,-1,-1
476,170,531.16,74.75,110.22,301.50,0.9005,-1,-1,-1
476,175,75.63,2.60,220.81,475.94,0.8772,-1,-1,-1
477,162,448.49,81.06,119.72,333.30,0.7883,-1,-1,-1
477,166,280.58,40.28,123.63,392.51,0.8945,-1,-1,-1
477,170,530.97,73.14,110.25,305.62,0.9026,-1,-1,-1
477,175,76.74,2.76,222.02,468.49,0.7765,-1,-1,-1
478,162,444.72,79.11,120.36,338.46,0.8136,-1,-1,-1
478,166,280.12,36.03,123.48,391.98,0.8981,-1,-1,-1
478,170,533.03,71.60,107.25,309.86,0.8894,-1,-1,-1
478,175,71.80,0.98,225.97,467.95,0.7867,-1,-1,-1
479,162,441.69,85.76,118.20,333.74,0.8517,-1,-1,-1
479,166,277.25,40.16,124.55,379.82,0.8945,-1,-1,-1
479,170,536.55,75.57,103.69,319.16,0.9091,-1,-1,-1
479,175,68.36,3.67,231.17,476.24,0.8127,-1,-1,-1
480,162,440.02,86.49,117.18,325.08,0.8708,-1,-1,-1
480,166,274.90,39.65,124.36,383.60,0.8866,-1,-1,-1
480,170,543.47,76.20,95.27,326.55,0.8300,-1,-1,-1
480,175,69.80,1.76,228.16,478.36,0.8428,-1,-1,-1
480,165,396.57,139.06,64.41,193.24,0.4793,-1,-1,-1
481,162,434.51,82.54,110.04,320.82,0.8625,-1,-1,-1
481,166,272.62,33.44,117.94,388.88,0.8836,-1,-1,-1
481,170,536.26,73.13,97.16,333.07,0.8480,-1,-1,-1
481,175,66.40,-1.80,227.91,476.69,0.8036,-1,-1,-1
482,162,417.76,83.38,113.15,322.01,0.8689,-1,-1,-1
482,166,266.54,33.29,112.01,393.79,0.8883,-1,-1,-1
482,170,519.58,75.75,111.54,337.10,0.8402,-1,-1,-1
482,175,58.03,-1.05,231.80,470.39,0.7511,-1,-1,-1
483,162,401.11,91.87,118.72,324.88,0.8719,-1,-1,-1
483,166,261.07,41.78,106.48,394.83,0.8769,-1,-1,-1
483,170,509.84,84.40,115.00,335.87,0.8815,-1,-1,-1
483,175,49.65,4.02,237.83,472.17,0.7811,-1,-1,-1
484,162,386.46,94.16,125.36,328.86,0.8438,-1,-1,-1
484,166,254.92,46.52,103.36,393.78,0.8590,-1,-1,-1
484,170,507.72,86.06,112.80,336.60,0.8762,-1,-1,-1
484,175,39.62,6.67,243.27,473.48,0.6537,-1,-1,-1
485,162,389.09,92.76,120.66,332.56,0.8089,-1,-1,-1
485,166,250.31,48.37,102.42,397.48,0.8413,-1,-1,-1
485,170,508.13,85.43,103.13,330.06,0.8384,-1,-1,-1
485,175,32.10,3.42,250.24,478.76,0.7355,-1,-1,-1
486,162,393.75,89.38,107.29,327.33,0.8709,-1,-1,-1
486,166,245.35,42.74,102.52,394.42,0.8828,-1,-1,-1
486,170,503.85,82.98,92.59,323.69,0.8733,-1,-1,-1
486,175,26.05,-0.03,254.53,481.25,0.7839,-1,-1,-1
487,162,391.27,90.73,100.29,324.38,0.8712,-1,-1,-1
487,166,240.65,40.67,101.81,392.27,0.8847,-1,-1,-1
487,170,491.44,86.05,91.82,326.51,0.8850,-1,-1,-1
487,175,21.93,0.69,257.55,480.95,0.8442,-1,-1,-1
488,162,389.88,92.69,99.51,325.02,0.8520,-1,-1,-1
488,166,242.94,38.13,97.21,385.52,0.8605,-1,-1,-1
488,170,467.28,89.79,110.28,329.00,0.8519,-1,-1,-1
488,175,26.55,-0.47,256.40,479.71,0.8164,-1,-1,-1
489,162,389.41,93.24,100.21,329.17,0.7843,-1,-1,-1
489,166,244.17,34.81,91.43,380.10,0.8672,-1,-1,-1
489,170,454.86,88.57,124.61,333.23,0.8952,-1,-1,-1
489,175,20.20,-2.13,263.08,480.64,0.6871,-1,-1,-1
490,162,384.21,95.72,103.13,328.63,0.8306,-1,-1,-1
490,166,248.44,34.10,79.62,356.19,0.6458,-1,-1,-1
490,170,453.13,90.39,129.19,332.42,0.8814,-1,-1,-1
490,175,9.80,-2.97,269.83,480.85,0.6197,-1,-1,-1
491,162,378.19,98.44,109.78,333.87,0.8504,-1,-1,-1
491,166,250.35,39.18,75.65,333.02,0.8144,-1,-1,-1
491,170,455.65,93.50,124.12,327.84,0.8676,-1,-1,-1
491,175,2.06,-0.52,280.28,479.97,0.8248,-1,-1,-1
492,162,376.61,95.53,108.52,330.47,0.8687,-1,-1,-1
492,166,249.75,39.14,75.39,306.17,0.8187,-1,-1,-1
492,170,460.87,89.89,110.51,322.12,0.8140,-1,-1,-1
492,175,-1.19,-0.63,281.52,478.82,0.7391,-1,-1,-1
493,162,375.87,94.56,105.10,323.44,0.8681,-1,-1,-1
493,166,245.92,41.57,80.03,289.40,0.8093,-1,-1,-1
493,170,465.61,89.08,106.54,326.31,0.8350,-1,-1,-1
493,175,-2.90,2.05,283.46,477.84,0.7244,-1,-1,-1
494,162,373.52,95.71,103.41,324.56,0.8321,-1,-1,-1
494,166,241.48,42.39,86.41,322.88,0.8514,-1,-1,-1
494,170,466.63,90.66,99.99,332.36,0.7724,-1,-1,-1
494,175,-3.70,1.81,284.96,480.59,0.7532,-1,-1,-1
495,162,366.47,91.02,108.14,329.42,0.8764,-1,-1,-1
495,166,234.40,31.46,95.75,343.98,0.8552,-1,-1,-1
495,170,463.64,88.02,96.68,338.08,0.8356,-1,-1,-1
495,175,-1.86,-4.03,276.56,482.88,0.3710,-1,-1,-1
495,165,337.63,142.44,64.06,193.50,0.4053,-1,-1,-1
496,162,365.93,92.67,109.31,333.01,0.8892,-1,-1,-1
496,166,232.28,28.99,102.43,351.46,0.8535,-1,-1,-1
496,170,463.97,89.77,97.01,339.14,0.8447,-1,-1,-1
496,175,-0.34,-2.22,275.90,481.95,0.4373,-1,-1,-1
496,165,342.10,137.93,59.41,206.68,0.5615,-1,-1,-1
497,162,369.66,93.23,104.46,337.32,0.8469,-1,-1,-1
497,166,231.00,27.44,105.62,349.84,0.8473,-1,-1,-1
497,170,464.50,89.75,100.98,340.82,0.8033,-1,-1,-1
497,175,0.52,-1.54,274.14,479.78,0.4711,-1,-1,-1
497,165,344.73,137.12,55.50,206.89,0.6548,-1,-1,-1
498,162,377.45,92.83,95.65,339.03,0.8278,-1,-1,-1
498,166,230.39,25.72,104.42,354.12,0.8122,-1,-1,-1
498,170,467.58,88.73,95.84,338.94,0.7976,-1,-1,-1
498,175,0.26,-1.59,275.29,480.77,0.6798,-1,-1,-1
498,165,340.49,138.39,60.04,204.68,0.6500,-1,-1,-1
499,162,379.50,89.26,96.10,335.47,0.8408,-1,-1,-1
499,166,230.65,24.50,102.45,329.92,0.8391,-1,-1,-1
499,170,470.00,84.19,98.21,330.59,0.7744,-1,-1,-1
499,175,-1.12,0.26,282.12,479.96,0.6286,-1,-1,-1
499,165,340.47,139.99,61.69,201.18,0.5445,-1,-1,-1
500,162,381.85,89.82,100.40,328.09,0.8534,-1,-1,-1
500,166,233.74,28.42,96.49,323.46,0.8270,-1,-1,-1
500,170,472.24,84.02,91.95,330.00,0.7345,-1,-1,-1
500,175,-1.12,2.43,285.96,478.04,0.5895,-1,-1,-1
500,165,343.36,138.44,59.55,206.16,0.6925,-1,-1,-1
501,162,385.49,88.91,104.49,328.52,0.7831,-1,-1,-1
501,166,239.79,29.96,88.44,320.43,0.7993,-1,-1,-1
501,170,465.85,81.92,100.60,334.66,0.7663,-1,-1,-1
501,175,0.17,2.53,292.12,474.44,0.7232,-1,-1,-1
501,165,350.14,137.17,54.70,208.65,0.6528,-1,-1,-1
502,162,389.84,90.20,107.17,333.59,0.7962,-1,-1,-1
502,166,245.54,30.99,79.39,316.76,0.6735,-1,-1,-1
502,170,460.61,84.86,122.18,340.32,0.6835,-1,-1,-1
502,175,7.05,2.32,292.75,476.06,0.7815,-1,-1,-1
502,165,351.07,136.41,62.28,212.77,0.6760,-1,-1,-1
503,162,393.43,86.72,107.63,335.08,0.8464,-1,-1,-1
503,166,249.49,21.28,74.66,243.50,0.2782,-1,-1,-1
503,170,465.11,81.15,124.32,338.65,0.8678,-1,-1,-1
503,175,16.80,-1.18,294.36,474.71,0.5543,-1,-1,-1
504,162,394.49,84.21,107.93,336.80,0.8560,-1,-1,-1
504,170,472.17,77.16,121.79,341.52,0.8774,-1,-1,-1
504,175,9.09,-1.72,306.47,476.40,0.6561,-1,-1,-1
504,165,345.39,126.15,65.39,217.91,0.4468,-1,-1,-1
505,162,394.96,85.73,103.85,334.74,0.8393,-1,-1,-1
505,170,478.13,77.94,117.71,336.64,0.8635,-1,-1,-1
505,175,11.39,2.33,316.80,476.17,0.5061,-1,-1,-1
505,165,340.69,129.12,71.33,221.83,0.5845,-1,-1,-1
506,162,390.60,81.65,101.61,325.24,0.8595,-1,-1,-1
506,170,481.71,74.12,115.97,333.42,0.8743,-1,-1,-1
506,175,11.69,2.75,322.27,473.30,0.5653,-1,-1,-1
506,165,346.30,128.40,62.33,219.31,0.6641,-1,-1,-1
507,162,387.57,83.89,100.39,322.26,0.8243,-1,-1,-1
507,170,482.87,76.70,115.54,336.98,0.8488,-1,-1,-1
507,175,29.41,3.83,310.83,475.73,0.6286,-1,-1,-1
507,165,339.61,131.45,65.74,218.28,0.6451,-1,-1,-1
508,162,380.91,83.18,107.46,326.15,0.8268,-1,-1,-1
508,170,485.34,77.29,113.76,339.57,0.8543,-1,-1,-1
508,175,52.72,2.60,293.89,472.99,0.6250,-1,-1,-1
508,165,341.03,129.57,64.57,214.97,0.7141,-1,-1,-1
509,162,371.62,80.04,116.11,328.90,0.8553,-1,-1,-1
509,170,487.26,75.15,106.91,342.48,0.8492,-1,-1,-1
509,175,70.22,-0.22,279.93,471.79,0.6205,-1,-1,-1
509,165,344.14,123.91,61.12,213.63,0.6588,-1,-1,-1
509,180,1.52,93.90,86.68,219.36,0.5992,-1,-1,-1
510,162,371.40,84.26,114.57,332.24,0.8441,-1,-1,-1
510,170,489.82,80.31,106.08,339.06,0.8117,-1,-1,-1
510,175,88.95,0.67,270.14,471.85,0.3890,-1,-1,-1
510,165,350.72,127.07,55.13,210.59,0.5704,-1,-1,-1
510,180,4.00,81.28,100.37,247.06,0.7466,-1,-1,-1
511,162,380.60,83.41,105.47,333.70,0.8348,-1,-1,-1
511,170,494.45,78.53,100.54,339.82,0.7718,-1,-1,-1
511,175,107.25,1.15,224.34,472.05,0.3711,-1,-1,-1
511,165,363.03,125.89,47.41,212.08,0.3317,-1,-1,-1
511,180,6.82,66.04,119.53,275.71,0.6792,-1,-1,-1
512,162,387.36,86.93,103.49,335.91,0.8622,-1,-1,-1
512,170,501.37,81.75,98.12,332.86,0.7594,-1,-1,-1
512,175,122.34,4.57,257.34,474.85,0.5870,-1,-1,-1
512,180,18.78,67.35,127.47,289.43,0.7095,-1,-1,-1
513,162,401.75,92.03,98.14,322.81,0.8337,-1,-1,-1
513,170,507.67,83.49,95.22,329.00,0.8385,-1,-1,-1
513,175,148.29,7.49,270.77,468.49,0.6844,-1,-1,-1
513,180,54.71,74.42,117.49,316.59,0.8416,-1,-1,-1
513,183,15.67,130.35,79.53,224.08,0.8405,-1,-1,-1
514,162,411.44,89.10,86.31,316.57,0.8662,-1,-1,-1
514,170,505.06,79.77,95.49,332.58,0.8378,-1,-1,-1
514,175,158.52,3.64,275.48,468.46,0.5517,-1,-1,-1
514,180,76.12,69.69,104.91,330.46,0.8856,-1,-1,-1
514,183,8.31,119.32,82.10,234.01,0.8450,-1,-1,-1
515,162,427.38,94.12,71.54,227.59,0.8157,-1,-1,-1
515,170,493.39,83.16,108.85,334.22,0.8417,-1,-1,-1
515,175,185.13,4.93,272.08,464.84,0.7153,-1,-1,-1
515,180,95.26,74.15,109.63,331.37,0.8878,-1,-1,-1
516,170,491.80,85.02,121.84,335.03,0.8219,-1,-1,-1
516,175,222.11,2.59,262.96,462.34,0.7072,-1,-1,-1
516,180,109.48,73.96,114.69,328.86,0.8785,-1,-1,-1
517,170,500.34,86.41,124.41,335.70,0.8859,-1,-1,-1
517,175,248.03,1.32,266.50,460.80,0.7442,-1,-1,-1
517,186,196.65,77.84,75.27,298.35,0.5607,-1,-1,-1
517,183,97.13,88.63,108.81,312.96,0.8725,-1,-1,-1
518,170,515.55,89.82,115.54,338.32,0.8425,-1,-1,-1
518,175,266.11,-1.01,275.98,470.75,0.7534,-1,-1,-1
518,186,196.54,39.72,102.45,347.28,0.8533,-1,-1,-1
518,183,104.57,82.71,114.95,325.26,0.8743,-1,-1,-1
519,175,280.55,-4.71,291.98,484.59,0.7190,-1,-1,-1
519,186,188.84,22.75,117.39,395.31,0.8749,-1,-1,-1
519,183,111.28,74.20,106.09,325.87,0.8668,-1,-1,-1
520,175,292.50,-1.81,304.73,486.42,0.8223,-1,-1,-1
520,186,182.91,17.70,135.11,440.47,0.8774,-1,-1,-1
520,183,122.43,73.70,95.18,325.66,0.8340,-1,-1,-1
521,175,321.88,0.14,314.58,485.06,0.8640,-1,-1,-1
521,186,182.72,14.12,151.89,455.04,0.8792,-1,-1,-1
521,183,119.06,78.15,104.80,323.36,0.8424,-1,-1,-1
522,175,342.36,0.83,301.87,479.53,0.7792,-1,-1,-1
522,186,182.62,14.46,159.19,456.68,0.8876,-1,-1,-1
522,183,113.90,83.77,109.76,321.26,0.8236,-1,-1,-1
523,175,358.11,-2.68,290.56,482.94,0.8149,-1,-1,-1
523,186,183.52,9.64,160.36,465.03,0.8998,-1,-1,-1
523,183,106.94,84.51,113.50,321.80,0.7713,-1,-1,-1
524,175,373.35,-7.97,280.08,489.23,0.8006,-1,-1,-1
524,186,184.28,0.98,161.08,479.81,0.8948,-1,-1,-1
524,183,101.30,76.95,117.84,323.11,0.8325,-1,-1,-1
525,175,392.07,-5.05,262.37,489.47,0.8934,-1,-1,-1
525,186,194.80,7.08,159.47,481.29,0.8895,-1,-1,-1
525,183,108.14,79.68,117.32,312.40,0.8325,-1,-1,-1
526,175,406.80,-3.29,243.92,488.78,0.8942,-1,-1,-1
526,186,202.23,8.89,159.73,480.92,0.8738,-1,-1,-1
526,183,125.63,76.02,105.45,300.89,0.8529,-1,-1,-1
527,175,417.04,-0.72,225.83,486.48,0.8698,-1,-1,-1
527,186,200.92,8.93,161.30,479.11,0.8661,-1,-1,-1
527,183,138.85,72.62,91.75,299.67,0.8489,-1,-1,-1
528,175,437.93,4.09,204.78,490.33,0.9061,-1,-1,-1
528,186,199.40,18.08,169.03,475.57,0.8605,-1,-1,-1
528,183,156.53,83.19,78.77,301.74,0.8614,-1,-1,-1
529,175,448.47,4.18,192.84,480.10,0.8936,-1,-1,-1
529,186,198.75,25.97,175.12,462.17,0.8829,-1,-1,-1
529,183,160.46,96.07,79.57,293.92,0.8438,-1,-1,-1
529,190,126.61,165.55,47.38,145.79,0.7924,-1,-1,-1
529,191,385.42,105.85,85.03,317.43,0.8117,-1,-1,-1
530,175,464.96,0.38,176.98,477.92,0.9025,-1,-1,-1
530,186,203.11,26.70,177.52,447.45,0.8749,-1,-1,-1
530,183,158.25,100.56,86.52,289.07,0.8630,-1,-1,-1
530,190,120.42,162.43,48.60,151.44,0.7848,-1,-1,-1
530,191,386.05,108.27,92.97,319.44,0.7385,-1,-1,-1
531,175,474.68,0.53,164.28,475.96,0.8965,-1,-1,-1
531,186,210.91,28.16,170.75,447.28,0.8791,-1,-1,-1
531,183,156.39,103.47,91.11,286.85,0.8511,-1,-1,-1
531,190,112.93,160.03,53.78,156.92,0.8114,-1,-1,-1
531,191,385.79,111.93,96.60,322.26,0.8240,-1,-1,-1
532,175,484.48,0.23,152.69,475.25,0.8852,-1,-1,-1
532,186,218.73,26.17,156.45,450.83,0.8936,-1,-1,-1
532,183,161.75,100.99,86.55,277.82,0.8406,-1,-1,-1
532,190,96.80,157.09,62.17,163.87,0.7518,-1,-1,-1
532,191,379.45,106.37,98.18,322.40,0.8402,-1,-1,-1
533,175,483.84,-1.41,152.48,476.37,0.8890,-1,-1,-1
533,186,215.57,21.29,149.48,456.17,0.8799,-1,-1,-1
533,183,166.78,94.28,77.81,276.84,0.7978,-1,-1,-1
533,190,76.49,152.48,71.52,169.35,0.7949,-1,-1,-1
533,191,371.15,98.56,98.66,314.45,0.8438,-1,-1,-1
533,192,464.89,92.02,50.06,265.08,0.5636,-1,-1,-1
534,175,485.61,1.19,149.04,476.56,0.8880,-1,-1,-1
534,186,202.46,21.13,144.58,458.16,0.8854,-1,-1,-1
534,183,151.02,89.66,84.34,280.29,0.7946,-1,-1,-1
534,190,54.87,146.13,69.42,180.16,0.7984,-1,-1,-1
534,191,358.27,95.48,96.51,315.00,0.7876,-1,-1,-1
534,192,454.10,89.46,59.70,292.96,0.7802,-1,-1,-1
535,175,491.74,3.38,144.02,473.47,0.8779,-1,-1,-1
535,186,191.58,22.88,147.85,457.21,0.8782,-1,-1,-1
535,183,140.77,90.21,89.55,288.76,0.5142,-1,-1,-1
535,190,41.27,139.75,69.58,190.27,0.7869,-1,-1,-1
535,191,342.25,96.19,103.65,317.01,0.7805,-1,-1,-1
535,192,448.56,89.51,68.17,318.94,0.8451,-1,-1,-1
536,175,499.58,1.66,139.12,474.74,0.8810,-1,-1,-1
536,186,191.83,18.93,147.16,457.04,0.8794,-1,-1,-1
536,183,138.28,114.66,83.93,201.80,0.5161,-1,-1,-1
536,190,30.21,132.69,74.59,199.87,0.7968,-1,-1,-1
536,191,328.06,96.14,115.36,321.19,0.8517,-1,-1,-1
536,192,445.96,88.25,77.11,321.73,0.8429,-1,-1,-1
537,175,506.05,4.67,132.90,470.89,0.8824,-1,-1,-1
537,186,191.76,6.42,148.20,457.09,0.8817,-1,-1,-1
537,183,135.63,118.80,79.86,173.65,0.4640,-1,-1,-1
537,190,13.46,118.74,81.46,210.17,0.8026,-1,-1,-1
537,191,319.72,91.60,120.23,328.07,0.8493,-1,-1,-1
537,192,442.82,83.64,84.48,322.24,0.8732,-1,-1,-1
538,175,511.90,4.18,126.73,473.15,0.8789,-1,-1,-1
538,186,193.62,3.20,151.77,453.64,0.8947,-1,-1,-1
538,183,134.02,125.57,76.04,161.63,0.5854,-1,-1,-1
538,190,5.88,115.77,83.63,221.38,0.8456,-1,-1,-1
538,191,323.64,91.13,112.86,332.35,0.8007,-1,-1,-1
538,192,440.05,85.12,90.79,334.69,0.8513,-1,-1,-1
538,194,124.78,145.58,37.84,140.66,0.6651,-1,-1,-1
539,175,530.70,1.67,110.70,474.07,0.8620,-1,-1,-1
539,186,197.58,-0.69,158.66,463.83,0.8856,-1,-1,-1
539,183,148.88,122.37,63.55,161.48,0.6061,-1,-1,-1
539,190,-0.24,109.51,86.58,235.51,0.8775,-1,-1,-1
539,191,333.35,86.48,103.74,331.08,0.8634,-1,-1,-1
539,192,447.37,82.14,94.23,330.52,0.8490,-1,-1,-1
539,194,122.45,139.74,44.95,145.51,0.7932,-1,-1,-1
539,195,409.75,125.49,49.30,225.57,0.7755,-1,-1,-1
540,175,542.38,4.94,100.28,467.90,0.8122,-1,-1,-1
540,186,201.47,-0.15,162.81,473.00,0.8777,-1,-1,-1
540,190,-3.71,112.32,89.83,246.28,0.8681,-1,-1,-1
540,191,340.28,87.54,98.88,326.80,0.8686,-1,-1,-1
540,192,451.01,78.60,101.76,339.09,0.8351,-1,-1,-1
540,194,121.20,138.95,52.68,151.39,0.7812,-1,-1,-1
540,195,413.25,127.34,51.39,223.70,0.7292,-1,-1,-1
541,175,562.40,18.72,81.52,423.62,0.7544,-1,-1,-1
541,186,212.99,-0.32,162.77,473.86,0.8654,-1,-1,-1
541,190,-2.87,108.89,85.20,262.31,0.8601,-1,-1,-1
541,191,350.53,84.09,95.60,334.61,0.8384,-1,-1,-1
541,192,457.97,74.24,112.95,346.76,0.7461,-1,-1,-1
541,194,119.45,139.45,61.90,155.80,0.8574,-1,-1,-1
541,195,423.21,125.99,49.87,232.90,0.6711,-1,-1,-1
541,196,187.48,123.79,57.80,247.17,0.7327,-1,-1,-1
542,175,588.80,39.17,53.54,390.96,0.4941,-1,-1,-1
542,186,226.09,0.97,158.04,474.49,0.8767,-1,-1,-1
542,190,-2.70,100.63,77.69,280.00,0.8438,-1,-1,-1
542,191,360.13,83.81,91.29,339.54,0.7930,-1,-1,-1
542,192,453.35,72.07,123.06,355.64,0.6215,-1,-1,-1
542,194,111.58,139.59,71.93,161.44,0.8664,-1,-1,-1
542,195,431.67,126.62,44.82,247.68,0.2615,-1,-1,-1
542,196,204.82,122.74,47.27,251.27,0.4877,-1,-1,-1
542,183,186.97,126.95,49.26,172.28,0.3919,-1,-1,-1
543,186,233.92,6.93,158.93,471.41,0.8474,-1,-1,-1
543,190,-2.65,94.41,74.06,293.47,0.8645,-1,-1,-1
543,191,366.82,89.72,86.88,342.40,0.6886,-1,-1,-1
543,192,444.93,76.06,126.70,362.84,0.8114,-1,-1,-1
543,194,104.39,143.51,77.74,162.89,0.8755,-1,-1,-1
543,195,432.21,126.68,49.31,273.44,0.3388,-1,-1,-1
543,196,213.54,124.01,43.88,256.43,0.5257,-1,-1,-1
543,183,187.16,145.09,40.55,155.83,0.5616,-1,-1,-1
544,186,243.68,3.26,157.46,474.68,0.8633,-1,-1,-1
544,190,-0.48,84.11,60.02,303.73,0.8031,-1,-1,-1
544,191,383.31,87.95,75.33,324.78,0.5156,-1,-1,-1
544,192,447.54,75.49,131.25,368.09,0.8223,-1,-1,-1
544,194,100.99,136.41,80.26,168.23,0.8782,-1,-1,-1
544,196,220.00,128.97,44.02,248.09,0.6382,-1,-1,-1
544,183,186.06,145.20,47.05,152.57,0.7646,-1,-1,-1
545,186,246.04,1.30,164.29,476.12,0.8553,-1,-1,-1
545,190,-0.04,99.48,60.71,289.09,0.7935,-1,-1,-1
545,191,395.27,88.02,68.42,337.80,0.5132,-1,-1,-1
545,192,453.60,74.31,132.07,371.64,0.8016,-1,-1,-1
545,194,101.48,134.05,81.34,170.89,0.8726,-1,-1,-1
545,196,227.20,140.23,43.10,235.26,0.3899,-1,-1,-1
545,183,187.72,147.48,50.07,151.45,0.7137,-1,-1,-1
546,186,254.03,0.36,172.66,477.32,0.8985,-1,-1,-1
546,190,0.39,112.31,55.89,282.93,0.7622,-1,-1,-1
546,191,384.63,84.47,88.96,347.79,0.5795,-1,-1,-1
546,192,468.72,71.37,127.67,374.27,0.7836,-1,-1,-1
546,194,105.21,131.15,81.73,175.90,0.8602,-1,-1,-1
546,183,194.19,149.06,51.51,152.82,0.7579,-1,-1,-1
547,186,251.89,-1.31,187.24,479.41,0.8883,-1,-1,-1
547,190,-0.92,119.38,38.37,276.02,0.5029,-1,-1,-1
547,191,391.98,80.82,89.64,344.00,0.6853,-1,-1,-1
547,192,483.56,65.85,124.83,370.23,0.7380,-1,-1,-1
547,194,109.24,122.52,74.26,183.68,0.7894,-1,-1,-1
547,183,194.40,143.13,54.57,158.70,0.8171,-1,-1,-1
548,186,251.97,-0.83,194.81,474.48,0.8814,-1,-1,-1
548,191,401.00,81.46,85.11,348.24,0.5365,-1,-1,-1
548,192,500.14,64.15,121.66,376.71,0.7096,-1,-1,-1
548,194,114.59,120.33,67.61,188.61,0.8157,-1,-1,-1
548,183,196.25,139.88,59.89,164.45,0.8394,-1,-1,-1
548,195,475.87,117.04,45.30,256.50,0.6141,-1,-1,-1
549,186,252.76,-0.45,197.06,471.77,0.8594,-1,-1,-1
549,191,421.36,85.92,69.54,336.74,0.4070,-1,-1,-1
549,192,511.29,62.09,124.84,386.26,0.7685,-1,-1,-1
549,194,115.34,117.97,66.97,192.98,0.8225,-1,-1,-1
549,183,195.07,136.33,63.30,169.55,0.8261,-1,-1,-1
549,195,480.06,121.21,48.61,247.51,0.6846,-1,-1,-1
550,186,257.86,-5.15,194.73,480.40,0.7731,-1,-1,-1
550,191,411.53,67.77,78.91,360.99,0.3738,-1,-1,-1
550,192,525.75,48.13,117.44,401.00,0.8854,-1,-1,-1
550,194,107.38,103.23,70.82,202.14,0.7353,-1,-1,-1
550,183,194.85,119.25,63.86,177.27,0.8328,-1,-1,-1
550,195,486.02,111.38,54.60,248.79,0.7895,-1,-1,-1
551,186,262.48,-1.24,186.29,478.98,0.7981,-1,-1,-1
551,191,408.56,69.48,80.80,365.29,0.5840,-1,-1,-1
551,192,531.59,44.43,111.31,407.44,0.9019,-1,-1,-1
551,194,95.21,98.79,77.60,208.65,0.8372,-1,-1,-1
551,183,192.90,114.47,63.92,181.64,0.8254,-1,-1,-1
551,195,487.28,109.58,61.07,249.32,0.7482,-1,-1,-1
551,196,256.25,123.56,54.98,211.95,0.3576,-1,-1,-1
552,186,261.08,3.29,206.86,465.31,0.7676,-1,-1,-1
552,191,414.64,70.96,68.76,285.38,0.6492,-1,-1,-1
552,192,537.15,50.48,104.92,410.25,0.8940,-1,-1,-1
552,194,79.68,104.05,83.73,216.73,0.8669,-1,-1,-1
552,183,182.42,117.94,72.57,190.84,0.8695,-1,-1,-1
552,195,490.37,117.23,60.64,248.51,0.8078,-1,-1,-1
552,196,256.79,129.49,52.89,206.95,0.3710,-1,-1,-1
553,186,256.45,6.73,209.47,470.36,0.8598,-1,-1,-1
553,191,412.52,69.43,67.76,255.17,0.6963,-1,-1,-1
553,192,544.27,52.27,96.97,412.51,0.8766,-1,-1,-1
553,194,71.45,100.20,83.42,225.86,0.8717,-1,-1,-1
553,183,173.01,117.50,78.62,195.87,0.8716,-1,-1,-1
553,195,494.55,118.96,60.65,248.47,0.8039,-1,-1,-1
554,186,249.46,2.70,199.26,478.00,0.8953,-1,-1,-1
554,191,423.37,103.28,54.10,220.48,0.3899,-1,-1,-1
554,192,550.43,51.83,90.53,408.65,0.8936,-1,-1,-1
554,194,63.28,96.38,81.46,235.21,0.8522,-1,-1,-1
554,183,167.07,116.49,81.29,203.93,0.8604,-1,-1,-1
554,195,499.92,119.63,61.70,248.09,0.7678,-1,-1,-1
555,186,256.80,-0.76,191.65,479.96,0.9125,-1,-1,-1
555,191,411.75,111.62,62.33,236.85,0.6300,-1,-1,-1
555,192,559.35,45.73,82.85,403.98,0.8912,-1,-1,-1
555,194,60.06,89.13,74.76,242.81,0.8391,-1,-1,-1
555,183,166.93,109.75,78.81,213.41,0.8783,-1,-1,-1
555,195,506.90,113.19,65.42,247.34,0.7635,-1,-1,-1
556,186,253.40,2.09,193.56,478.78,0.9082,-1,-1,-1
556,191,411.82,117.16,64.79,244.50,0.6948,-1,-1,-1
556,192,564.44,47.52,76.54,402.55,0.8629,-1,-1,-1
556,194,49.05,89.75,77.63,248.56,0.8331,-1,-1,-1
556,183,164.53,111.30,77.31,220.13,0.8762,-1,-1,-1
556,195,509.02,115.92,69.59,247.77,0.7722,-1,-1,-1
557,186,258.38,6.42,190.60,477.88,0.9203,-1,-1,-1
557,191,417.10,124.67,73.49,269.73,0.7216,-1,-1,-1
557,192,555.70,61.36,84.63,393.36,0.8320,-1,-1,-1
557,194,26.62,93.00,87.91,258.07,0.8682,-1,-1,-1
557,183,157.50,113.85,78.12,230.87,0.8789,-1,-1,-1
557,195,515.39,129.06,66.42,244.79,0.8214,-1,-1,-1
558,186,260.73,3.83,189.13,474.93,0.9082,-1,-1,-1
558,191,418.04,119.96,84.94,283.32,0.8158,-1,-1,-1
558,192,550.13,60.85,89.75,382.01,0.8451,-1,-1,-1
558,194,6.26,85.25,98.14,266.87,0.8952,-1,-1,-1
558,183,152.63,107.83,79.83,237.05,0.8721,-1,-1,-1
558,195,519.57,129.74,63.20,234.87,0.8128,-1,-1,-1
559,186,268.84,-0.35,189.95,474.94,0.9217,-1,-1,-1
559,191,427.40,106.24,102.92,308.91,0.8191,-1,-1,-1
559,192,557.51,49.96,88.15,374.74,0.8579,-1,-1,-1
559,194,-2.25,79.14,100.58,274.21,0.9037,-1,-1,-1
559,183,150.10,97.18,86.83,245.75,0.8667,-1,-1,-1
559,195,532.27,118.15,64.53,245.61,0.7421,-1,-1,-1
560,186,270.46,0.11,188.29,476.78,0.9136,-1,-1,-1
560,191,438.36,95.63,106.99,331.23,0.8006,-1,-1,-1
560,192,569.24,45.51,74.04,376.49,0.8585,-1,-1,-1
560,194,-6.16,77.69,96.79,281.26,0.9214,-1,-1,-1
560,183,144.18,91.69,91.78,258.91,0.8781,-1,-1,-1
560,195,537.44,114.22,61.56,243.04,0.7395,-1,-1,-1
561,186,256.28,-1.39,196.30,480.96,0.8990,-1,-1,-1
561,191,443.25,76.11,111.65,358.96,0.6572,-1,-1,-1
561,192,571.82,38.80,69.02,387.04,0.8866,-1,-1,-1
561,194,-11.06,67.69,84.01,290.33,0.8848,-1,-1,-1
561,183,126.24,79.56,96.85,278.10,0.8097,-1,-1,-1
561,195,544.10,109.79,48.96,246.52,0.5997,-1,-1,-1
562,186,245.17,-1.92,201.66,480.89,0.8985,-1,-1,-1
562,191,450.87,59.75,114.14,377.53,0.7988,-1,-1,-1
562,192,568.71,34.38,70.37,395.97,0.9048,-1,-1,-1
562,194,-9.04,77.01,65.65,277.49,0.8560,-1,-1,-1
562,183,111.38,70.53,99.64,289.77,0.8753,-1,-1,-1
563,186,237.00,0.96,214.54,481.27,0.9243,-1,-1,-1
563,191,467.88,47.56,126.64,418.18,0.6245,-1,-1,-1
563,192,577.97,38.07,64.22,406.18,0.8313,-1,-1,-1
563,194,-6.10,96.60,40.34,263.40,0.5158,-1,-1,-1
563,183,97.59,64.69,106.82,313.49,0.8177,-1,-1,-1
563,198,410.56,79.96,71.74,271.43,0.6222,-1,-1,-1
564,186,233.04,1.67,217.90,479.97,0.9036,-1,-1,-1
564,191,501.11,39.21,119.32,435.08,0.5517,-1,-1,-1
564,192,582.95,39.77,58.31,411.11,0.6636,-1,-1,-1
564,183,86.47,57.92,115.09,330.37,0.8687,-1,-1,-1
564,198,413.26,78.67,73.55,280.16,0.7098,-1,-1,-1
565,186,232.27,-0.19,219.09,481.37,0.9221,-1,-1,-1
565,191,492.59,26.43,149.06,456.80,0.8272,-1,-1,-1
565,183,73.35,48.01,119.27,352.15,0.8584,-1,-1,-1
565,198,415.06,73.52,82.44,298.38,0.7920,-1,-1,-1
566,186,231.50,0.27,214.60,480.47,0.9175,-1,-1,-1
566,191,501.88,58.74,144.91,427.96,0.5172,-1,-1,-1
566,183,59.88,38.28,125.37,368.80,0.8917,-1,-1,-1
566,198,420.43,65.30,83.05,316.37,0.8403,-1,-1,-1
567,186,230.66,0.39,208.87,476.00,0.9194,-1,-1,-1
567,191,523.43,68.25,125.33,416.20,0.8255,-1,-1,-1
567,183,42.80,25.28,133.38,390.63,0.9007,-1,-1,-1
567,198,424.15,54.20,89.59,335.36,0.8584,-1,-1,-1
568,186,228.15,0.80,205.81,471.56,0.9187,-1,-1,-1
568,191,537.05,60.86,111.07,421.31,0.6951,-1,-1,-1
568,183,23.94,15.28,143.64,409.98,0.9122,-1,-1,-1
568,198,424.74,44.01,103.12,355.90,0.8648,-1,-1,-1
569,186,221.74,-0.30,206.11,473.67,0.9236,-1,-1,-1
569,191,562.85,52.50,86.12,428.51,0.4805,-1,-1,-1
569,183,3.14,1.40,152.20,441.66,0.9100,-1,-1,-1
569,198,421.56,26.17,123.87,380.75,0.8649,-1,-1,-1
570,186,213.65,1.13,208.14,472.22,0.9178,-1,-1,-1
570,191,564.97,46.94,78.99,390.90,0.6262,-1,-1,-1
570,183,-2.90,-1.54,147.27,440.59,0.9159,-1,-1,-1
570,198,424.05,13.24,132.20,399.97,0.8622,-1,-1,-1
571,186,196.64,0.26,222.34,476.71,0.9079,-1,-1,-1
571,191,568.56,51.84,73.87,375.34,0.8798,-1,-1,-1
571,183,-6.46,-5.67,131.54,453.21,0.8978,-1,-1,-1
571,198,431.36,1.71,140.74,428.37,0.8686,-1,-1,-1
572,186,185.00,-0.85,230.99,477.64,0.9157,-1,-1,-1
572,191,573.27,59.00,67.79,330.46,0.7341,-1,-1,-1
572,183,-6.24,-7.92,114.84,463.98,0.8826,-1,-1,-1
572,198,438.71,-3.52,149.02,451.24,0.8796,-1,-1,-1
573,186,178.78,1.84,239.38,477.11,0.9162,-1,-1,-1
573,191,589.18,69.84,51.36,318.77,0.4259,-1,-1,-1
573,183,-4.25,7.42,100.06,464.17,0.8323,-1,-1,-1
573,198,443.23,-2.01,169.96,476.01,0.8487,-1,-1,-1
574,186,178.69,0.42,248.95,479.41,0.9135,-1,-1,-1
574,198,455.92,-4.39,180.33,490.44,0.9044,-1,-1,-1
575,186,185.14,1.30,248.95,475.14,0.9049,-1,-1,-1
575,198,463.87,-4.17,181.56,489.17,0.9145,-1,-1,-1
576,186,191.81,-0.80,251.81,480.66,0.9184,-1,-1,-1
576,198,478.19,-7.19,176.65,494.05,0.9071,-1,-1,-1
577,186,201.36,0.01,248.55,478.85,0.9225,-1,-1,-1
577,198,492.40,-5.23,160.47,488.84,0.8957,-1,-1,-1
578,186,211.56,-0.81,244.87,481.10,0.9245,-1,-1,-1
578,198,516.43,-4.61,135.87,490.70,0.7291,-1,-1,-1
579,186,221.29,-3.11,239.65,482.84,0.9072,-1,-1,-1
580,186,231.63,2.04,234.18,474.45,0.9166,-1,-1,-1
580,202,502.95,96.06,128.04,318.60,0.8443,-1,-1,-1
581,186,252.26,5.87,229.51,469.34,0.9243,-1,-1,-1
581,202,507.52,80.19,93.97,324.35,0.7142,-1,-1,-1
581,203,218.77,151.31,46.56,131.56,0.7864,-1,-1,-1
582,186,258.21,5.65,231.25,466.24,0.9218,-1,-1,-1
582,202,498.63,71.83,84.88,325.17,0.6026,-1,-1,-1
582,203,213.60,150.80,52.31,135.17,0.8260,-1,-1,-1
583,186,265.35,6.50,241.28,467.47,0.9171,-1,-1,-1
583,202,499.47,79.24,75.89,322.87,0.6863,-1,-1,-1
583,203,209.72,159.00,57.40,137.81,0.7320,-1,-1,-1
584,186,270.11,3.80,256.52,468.48,0.9155,-1,-1,-1
584,203,206.11,158.77,58.63,142.62,0.7192,-1,-1,-1
584,205,513.78,102.25,117.31,313.94,0.5038,-1,-1,-1
585,186,273.09,1.57,271.58,467.50,0.9072,-1,-1,-1
585,203,201.88,151.10,58.13,149.46,0.7361,-1,-1,-1
585,206,548.48,118.21,59.56,235.14,0.4531,-1,-1,-1
585,207,1.32,-0.94,108.09,464.45,0.6190,-1,-1,-1
586,186,277.58,3.71,275.81,467.26,0.9011,-1,-1,-1
586,203,198.64,148.31,60.02,158.91,0.8082,-1,-1,-1
586,206,539.82,121.56,67.08,253.71,0.7515,-1,-1,-1
586,207,2.32,0.93,114.45,472.62,0.5812,-1,-1,-1
586,202,458.95,91.21,123.79,318.84,0.3595,-1,-1,-1
587,186,276.30,2.78,267.27,464.30,0.9127,-1,-1,-1
587,203,188.22,144.51,62.13,160.99,0.8180,-1,-1,-1
587,206,523.77,117.59,70.23,256.42,0.6560,-1,-1,-1
587,207,-0.02,0.77,113.21,475.33,0.6821,-1,-1,-1
587,202,448.12,123.49,116.60,274.79,0.5198,-1,-1,-1
588,186,273.14,3.97,257.40,470.73,0.9158,-1,-1,-1
588,203,178.31,147.16,61.68,164.40,0.8345,-1,-1,-1
588,206,513.10,123.33,72.02,253.96,0.7257,-1,-1,-1
588,207,-1.55,1.70,106.46,477.83,0.6465,-1,-1,-1
588,202,444.54,164.42,94.19,229.22,0.5844,-1,-1,-1
589,186,248.62,4.13,252.96,473.01,0.9051,-1,-1,-1
589,203,153.44,145.88,64.00,170.77,0.7229,-1,-1,-1
589,206,474.89,128.68,88.37,247.54,0.6394,-1,-1,-1
589,207,-4.22,1.53,97.58,476.84,0.6293,-1,-1,-1
590,186,234.37,1.55,255.63,473.66,0.8834,-1,-1,-1
590,203,139.17,141.26,68.54,177.26,0.8216,-1,-1,-1
590,206,457.36,125.83,96.44,246.67,0.7959,-1,-1,-1
590,207,-2.75,1.23,98.32,472.48,0.3432,-1,-1,-1
591,186,207.63,-0.15,264.78,476.53,0.8733,-1,-1,-1
591,203,120.60,139.45,68.85,183.27,0.8122,-1,-1,-1
591,206,442.26,122.73,95.85,245.91,0.6489,-1,-1,-1
591,207,-5.02,-0.38,110.51,473.95,0.6629,-1,-1,-1
592,186,188.45,1.41,263.02,477.74,0.8745,-1,-1,-1
592,203,102.31,142.98,72.33,193.94,0.8585,-1,-1,-1
592,206,410.21,126.26,105.56,257.48,0.7559,-1,-1,-1
592,207,-4.92,0.98,85.32,408.78,0.7696,-1,-1,-1
593,186,187.56,-1.73,254.93,479.14,0.8939,-1,-1,-1
593,203,83.51,132.24,75.42,206.02,0.8117,-1,-1,-1
593,206,380.93,122.41,101.97,256.82,0.3695,-1,-1,-1
593,207,-1.99,6.27,100.40,448.00,0.4038,-1,-1,-1
594,186,188.48,-1.97,249.21,478.80,0.8991,-1,-1,-1
594,203,71.31,124.04,77.68,214.43,0.8333,-1,-1,-1
594,206,370.74,125.15,82.95,252.19,0.2940,-1,-1,-1
594,207,-0.25,19.49,97.45,449.76,0.5638,-1,-1,-1
595,186,189.02,1.02,243.52,480.79,0.9078,-1,-1,-1
595,203,46.81,121.09,88.22,228.02,0.7864,-1,-1,-1
595,206,363.63,132.78,72.71,253.79,0.2734,-1,-1,-1
596,186,189.79,0.77,236.84,480.17,0.9078,-1,-1,-1
596,203,34.47,113.15,91.44,237.64,0.8217,-1,-1,-1
596,206,364.11,128.32,78.86,259.52,0.5818,-1,-1,-1
596,210,405.01,127.84,54.94,243.44,0.3981,-1,-1,-1
597,186,194.11,0.04,225.95,480.18,0.9004,-1,-1,-1
597,203,24.52,106.28,90.29,247.03,0.7980,-1,-1,-1
597,206,357.85,135.33,83.45,250.20,0.3712,-1,-1,-1
597,210,366.80,137.19,80.01,243.40,0.3712,-1,-1,-1
597,212,-1.39,52.80,38.52,301.37,0.5669,-1,-1,-1
598,186,198.88,1.22,219.66,478.83,0.9108,-1,-1,-1
598,203,14.56,105.81,88.61,253.62,0.7668,-1,-1,-1
598,206,366.40,139.29,70.15,242.78,0.2545,-1,-1,-1
598,212,-0.91,107.00,35.45,248.78,0.4540,-1,-1,-1
598,213,158.23,154.91,53.38,149.37,0.7754,-1,-1,-1
599,186,199.47,-0.04,222.32,477.54,0.9032,-1,-1,-1
599,203,1.79,100.47,91.67,274.74,0.8245,-1,-1,-1
599,206,369.53,138.95,59.35,234.57,0.4019,-1,-1,-1
599,213,151.36,152.47,58.08,151.36,0.8051,-1,-1,-1
599,214,606.53,200.17,33.26,141.46,0.6152,-1,-1,-1
599,210,365.85,139.66,61.78,232.27,0.4019,-1,-1,-1
600,186,200.82,1.14,230.05,476.61,0.9121,-1,-1,-1
600,203,-2.96,96.21,78.78,279.62,0.8680,-1,-1,-1
600,213,146.02,153.54,60.52,158.45,0.8116,-1,-1,-1
600,214,600.02,160.69,40.36,190.08,0.6039,-1,-1,-1
601,186,199.39,1.13,236.80,476.73,0.9209,-1,-1,-1
601,203,-2.47,119.89,63.23,255.93,0.4183,-1,-1,-1
601,213,141.92,153.27,62.43,162.95,0.8204,-1,-1,-1
601,214,596.09,134.94,44.93,219.24,0.5683,-1,-1,-1
602,186,195.29,-0.94,244.05,478.27,0.9112,-1,-1,-1
602,213,139.85,150.16,60.58,167.30,0.8201,-1,-1,-1
602,214,592.41,112.90,49.20,243.78,0.5306,-1,-1,-1
603,186,193.33,0.45,241.30,479.63,0.9084,-1,-1,-1
603,213,132.68,152.20,62.92,173.00,0.8622,-1,-1,-1
603,214,589.00,104.12,51.92,259.91,0.5837,-1,-1,-1
604,186,192.81,-0.28,236.10,479.68,0.9057,-1,-1,-1
604,213,129.35,148.70,67.71,178.59,0.8127,-1,-1,-1
604,214,583.51,97.30,57.34,339.30,0.4698,-1,-1,-1
604,206,367.85,175.69,64.10,196.34,0.3795,-1,-1,-1
605,186,196.23,-0.14,224.16,480.58,0.9085,-1,-1,-1
605,213,127.06,145.51,68.91,183.84,0.8074,-1,-1,-1
605,214,585.01,91.19,56.38,304.17,0.5190,-1,-1,-1
605,215,-0.82,218.50,61.31,204.32,0.4953,-1,-1,-1
605,206,370.94,184.01,57.15,187.69,0.3238,-1,-1,-1
606,186,200.75,-0.60,214.93,478.61,0.9110,-1,-1,-1
606,213,125.60,140.71,70.62,185.96,0.8113,-1,-1,-1
606,214,589.54,89.20,52.64,362.00,0.4641,-1,-1,-1
606,215,0.16,216.22,67.03,251.80,0.4066,-1,-1,-1
607,186,198.18,-1.03,212.42,481.33,0.9039,-1,-1,-1
607,213,116.41,133.96,76.45,195.10,0.8302,-1,-1,-1
607,215,-1.89,200.26,69.41,240.03,0.4382,-1,-1,-1
608,186,195.69,-0.63,213.44,482.37,0.9086,-1,-1,-1
608,213,101.31,131.48,87.81,203.16,0.8437,-1,-1,-1
609,186,200.23,-3.59,217.57,482.18,0.9003,-1,-1,-1
609,213,95.38,122.43,93.21,212.45,0.8684,-1,-1,-1
610,186,207.04,-1.51,220.52,481.32,0.7993,-1,-1,-1
610,213,92.76,121.51,89.63,221.02,0.8499,-1,-1,-1
611,186,220.40,0.87,214.76,480.58,0.8659,-1,-1,-1
611,213,90.56,123.80,85.85,228.00,0.8527,-1,-1,-1
612,186,229.15,-0.60,219.64,480.07,0.8847,-1,-1,-1
612,213,81.52,116.52,86.82,238.23,0.8632,-1,-1,-1
612,218,192.94,139.97,69.58,244.66,0.4076,-1,-1,-1
612,219,162.34,166.95,37.65,122.72,0.7495,-1,-1,-1
613,186,229.92,-1.41,226.13,479.02,0.8775,-1,-1,-1
613,213,61.57,107.91,96.56,244.58,0.8604,-1,-1,-1
613,218,186.12,135.90,81.58,235.29,0.5147,-1,-1,-1
613,219,154.07,161.90,42.94,124.66,0.7298,-1,-1,-1
613,220,-0.53,17.50,74.54,305.26,0.7612,-1,-1,-1
614,186,242.09,0.81,227.03,478.64,0.8816,-1,-1,-1
614,213,49.32,101.76,95.06,262.50,0.8848,-1,-1,-1
614,218,176.11,112.90,89.71,255.35,0.8665,-1,-1,-1
614,219,141.85,159.67,47.93,130.19,0.7537,-1,-1,-1
614,220,-1.18,26.71,74.49,308.82,0.7064,-1,-1,-1
615,186,256.89,1.95,222.23,477.11,0.8894,-1,-1,-1
615,213,47.19,97.45,91.01,272.88,0.8384,-1,-1,-1
615,218,178.87,106.20,88.03,264.01,0.8633,-1,-1,-1
615,219,136.70,158.22,50.39,132.95,0.7917,-1,-1,-1
615,220,0.51,23.55,72.42,370.66,0.7938,-1,-1,-1
616,186,271.25,-0.32,224.48,480.22,0.8924,-1,-1,-1
616,213,47.24,90.42,82.53,273.20,0.7537,-1,-1,-1
616,218,183.84,103.45,83.96,271.22,0.8400,-1,-1,-1
616,219,129.89,152.50,54.23,138.70,0.8220,-1,-1,-1
616,220,-0.14,11.31,78.05,432.25,0.6317,-1,-1,-1
617,186,278.86,-2.30,226.48,479.58,0.8881,-1,-1,-1
617,213,43.72,77.87,78.11,230.61,0.6213,-1,-1,-1
617,218,184.17,97.64,82.25,273.24,0.8541,-1,-1,-1
617,219,125.67,144.18,56.87,143.03,0.7973,-1,-1,-1
617,220,0.01,1.58,85.27,462.28,0.4682,-1,-1,-1
617,221,251.26,109.72,55.79,192.17,0.6300,-1,-1,-1
618,186,278.73,-2.98,227.28,481.79,0.8937,-1,-1,-1
618,213,34.64,57.90,67.90,188.05,0.3166,-1,-1,-1
618,218,178.87,92.59,77.24,276.29,0.8549,-1,-1,-1
618,219,110.03,136.70,64.22,149.82,0.7921,-1,-1,-1
618,220,-1.28,-5.85,88.65,487.86,0.8149,-1,-1,-1
618,210,265.08,95.69,50.40,255.93,0.7249,-1,-1,-1
619,186,276.73,-0.07,226.02,479.58,0.9010,-1,-1,-1
619,218,172.04,92.85,74.23,271.47,0.8632,-1,-1,-1
619,219,101.86,134.12,57.36,152.57,0.8066,-1,-1,-1
619,220,0.72,-4.88,92.14,489.56,0.8445,-1,-1,-1
619,210,258.70,92.49,55.67,259.08,0.7926,-1,-1,-1
620,186,276.25,1.42,226.00,479.58,0.8565,-1,-1,-1
620,218,168.53,93.13,72.55,266.58,0.8336,-1,-1,-1
620,219,92.80,134.72,60.91,157.51,0.8081,-1,-1,-1
620,220,0.39,-1.45,100.11,489.53,0.8455,-1,-1,-1
620,210,255.26,91.01,61.33,264.36,0.8104,-1,-1,-1
620,223,233.54,124.71,41.82,175.86,0.6489,-1,-1,-1
621,186,288.77,4.44,212.96,475.30,0.8909,-1,-1,-1
621,218,169.58,103.38,73.29,265.28,0.7976,-1,-1,-1
621,219,90.29,142.46,64.63,161.24,0.7955,-1,-1,-1
621,220,0.02,5.68,107.49,489.00,0.8804,-1,-1,-1
621,210,255.21,101.03,67.23,262.97,0.8151,-1,-1,-1
621,223,237.43,134.23,40.46,176.07,0.7010,-1,-1,-1
622,186,305.46,4.97,198.45,475.48,0.9047,-1,-1,-1
622,218,173.34,112.41,73.30,265.65,0.8545,-1,-1,-1
622,219,90.28,146.77,64.84,162.42,0.8021,-1,-1,-1
622,220,0.16,6.08,119.20,490.03,0.8905,-1,-1,-1
622,210,259.78,111.08,65.96,265.42,0.8253,-1,-1,-1
622,223,242.55,144.00,35.67,169.81,0.6811,-1,-1,-1
623,186,309.89,3.29,190.36,476.98,0.9139,-1,-1,-1
623,218,171.00,117.75,73.70,267.06,0.8562,-1,-1,-1
623,219,88.98,145.76,59.38,151.40,0.7316,-1,-1,-1
623,220,-1.79,5.91,125.54,487.25,0.8239,-1,-1,-1
623,210,259.50,117.66,64.25,265.40,0.8259,-1,-1,-1
623,223,240.90,151.25,32.17,165.83,0.7129,-1,-1,-1
624,186,309.37,1.65,185.65,477.44,0.9197,-1,-1,-1
624,218,167.86,121.11,76.05,266.82,0.8213,-1,-1,-1
624,219,85.50,128.13,53.45,148.09,0.4267,-1,-1,-1
624,220,-0.76,2.26,122.45,487.83,0.6564,-1,-1,-1
624,210,257.07,119.44,67.44,264.49,0.8273,-1,-1,-1
624,223,239.92,155.27,29.37,164.94,0.5107,-1,-1,-1
625,186,309.58,-1.26,186.33,479.15,0.9171,-1,-1,-1
625,218,165.14,116.67,81.69,268.45,0.7985,-1,-1,-1
625,220,-0.56,47.71,102.32,437.79,0.6965,-1,-1,-1
625,210,249.11,115.65,76.16,257.24,0.8592,-1,-1,-1
626,186,311.67,-2.51,192.89,480.33,0.9133,-1,-1,-1
626,218,160.01,112.38,93.66,268.43,0.8228,-1,-1,-1
626,220,0.58,65.56,96.52,417.44,0.6167,-1,-1,-1
626,210,250.19,110.07,75.96,254.83,0.8529,-1,-1,-1
627,186,313.56,-4.08,205.27,482.39,0.9044,-1,-1,-1
627,218,169.31,104.37,85.07,264.37,0.7839,-1,-1,-1
627,220,-0.90,19.07,129.65,462.85,0.6251,-1,-1,-1
627,210,252.84,103.66,72.08,258.30,0.8542,-1,-1,-1
628,186,320.31,-3.60,221.39,482.21,0.9194,-1,-1,-1
628,218,175.34,97.98,83.34,263.64,0.8363,-1,-1,-1
628,220,0.41,4.00,146.34,478.96,0.6092,-1,-1,-1
628,210,256.48,100.68,74.12,260.27,0.8704,-1,-1,-1
629,186,330.86,1.46,244.67,479.14,0.8932,-1,-1,-1
629,218,186.15,106.57,82.45,263.25,0.8099,-1,-1,-1
629,220,2.96,4.91,162.71,482.91,0.6210,-1,-1,-1
629,210,265.61,111.03,76.51,258.48,0.8297,-1,-1,-1
630,186,342.85,0.19,269.56,483.08,0.8930,-1,-1,-1
630,218,190.17,113.30,91.12,264.66,0.7738,-1,-1,-1
630,220,-1.28,4.06,184.03,487.21,0.8124,-1,-1,-1
630,210,274.09,114.99,79.16,259.26,0.8099,-1,-1,-1
630,224,161.32,134.41,54.11,183.84,0.7467,-1,-1,-1
631,186,354.23,1.53,272.22,474.58,0.8939,-1,-1,-1
631,218,210.77,116.45,77.37,260.85,0.8263,-1,-1,-1
631,220,3.66,2.21,194.34,480.58,0.8903,-1,-1,-1
631,210,284.04,115.46,77.93,253.61,0.8256,-1,-1,-1
631,224,167.54,131.17,57.66,191.22,0.7460,-1,-1,-1
632,186,366.38,2.75,263.73,474.83,0.9166,-1,-1,-1
632,218,222.53,118.76,66.01,259.47,0.8479,-1,-1,-1
632,220,6.36,0.57,195.79,480.22,0.8934,-1,-1,-1
632,210,289.83,117.35,75.19,245.14,0.8495,-1,-1,-1
632,224,174.57,131.33,52.86,145.91,0.4527,-1,-1,-1
633,186,383.30,1.58,256.92,477.37,0.9046,-1,-1,-1
633,218,231.29,117.54,62.27,254.38,0.8410,-1,-1,-1
633,220,20.04,-1.24,192.33,481.57,0.8634,-1,-1,-1
633,210,298.04,115.53,73.45,245.24,0.8505,-1,-1,-1
633,224,178.15,129.81,51.20,229.29,0.5313,-1,-1,-1
634,186,401.07,-1.26,245.72,478.77,0.9106,-1,-1,-1
634,218,237.17,112.45,63.82,253.85,0.8294,-1,-1,-1
634,220,30.96,-3.52,180.38,484.84,0.7757,-1,-1,-1
634,210,306.94,112.73,72.23,247.71,0.8355,-1,-1,-1
634,225,0.42,69.39,54.37,304.51,0.7632,-1,-1,-1
635,186,415.90,-1.55,235.27,478.92,0.9113,-1,-1,-1
635,218,242.84,114.01,65.55,250.45,0.8128,-1,-1,-1
635,220,34.79,0.27,199.23,483.66,0.8729,-1,-1,-1
635,210,314.38,115.55,74.72,247.66,0.8468,-1,-1,-1
635,223,292.72,142.39,36.06,168.85,0.4250,-1,-1,-1
636,186,419.16,-0.72,226.88,478.10,0.9128,-1,-1,-1
636,218,237.72,116.04,68.55,247.48,0.7757,-1,-1,-1
636,220,35.13,1.08,209.32,480.64,0.8501,-1,-1,-1
636,210,314.16,115.96,72.99,244.81,0.8229,-1,-1,-1
636,223,290.08,141.13,39.04,167.80,0.4241,-1,-1,-1
637,186,421.67,0.55,221.33,476.26,0.9243,-1,-1,-1
637,218,243.10,118.13,62.73,240.73,0.7584,-1,-1,-1
637,220,45.84,0.77,204.20,478.76,0.8326,-1,-1,-1
637,210,314.63,115.76,70.47,239.75,0.8094,-1,-1,-1
637,223,291.50,140.25,37.94,166.41,0.5514,-1,-1,-1
638,186,420.40,1.84,219.47,474.01,0.9152,-1,-1,-1
638,218,247.82,118.17,59.14,229.95,0.8277,-1,-1,-1
638,220,59.21,0.89,196.50,476.57,0.8364,-1,-1,-1
638,210,313.38,114.57,69.71,232.33,0.8096,-1,-1,-1
639,186,409.66,2.70,227.38,473.09,0.8978,-1,-1,-1
639,218,248.51,115.95,56.51,228.41,0.8172,-1,-1,-1
639,220,65.94,1.46,186.46,475.45,0.7916,-1,-1,-1
639,210,309.81,113.23,71.10,232.86,0.8497,-1,-1,-1
640,186,405.04,3.57,229.45,475.27,0.8852,-1,-1,-1
640,218,243.17,114.64,58.00,231.42,0.8113,-1,-1,-1
640,220,34.36,1.69,211.25,476.58,0.8316,-1,-1,-1
640,210,302.56,114.26,74.59,234.55,0.8379,-1,-1,-1
641,186,408.92,4.48,224.27,473.82,0.9248,-1,-1,-1
641,218,237.52,119.35,59.31,233.27,0.7443,-1,-1,-1
641,220,26.10,3.14,216.65,475.61,0.8211,-1,-1,-1
641,210,295.94,119.11,74.18,233.76,0.8269,-1,-1,-1
642,186,406.29,3.38,228.60,475.63,0.9188,-1,-1,-1
642,218,236.51,122.99,59.53,236.19,0.7456,-1,-1,-1
642,220,21.60,2.63,220.49,475.38,0.8589,-1,-1,-1
642,210,292.97,121.72,75.31,233.16,0.8351,-1,-1,-1
642,226,7.59,50.26,96.94,336.35,0.5938,-1,-1,-1
642,225,-0.18,75.44,32.79,340.88,0.4760,-1,-1,-1
643,186,403.08,0.39,231.82,476.49,0.9265,-1,-1,-1
643,218,234.35,121.95,60.39,236.06,0.7145,-1,-1,-1
643,220,27.89,1.77,211.58,475.76,0.7258,-1,-1,-1
643,210,292.27,119.78,74.72,232.39,0.8122,-1,-1,-1
643,226,0.69,33.05,83.96,368.94,0.7639,-1,-1,-1
643,223,270.35,142.46,37.95,159.75,0.4605,-1,-1,-1
644,186,397.79,1.65,236.58,474.11,0.9290,-1,-1,-1
644,218,221.60,126.50,68.03,234.09,0.6474,-1,-1,-1
644,220,19.97,7.49,214.38,471.19,0.9028,-1,-1,-1
644,210,290.68,123.71,73.48,226.98,0.8343,-1,-1,-1
644,223,271.63,149.37,32.31,155.06,0.4346,-1,-1,-1
645,186,393.83,-0.10,242.30,474.70,0.9310,-1,-1,-1
645,218,219.97,125.68,61.75,229.15,0.7903,-1,-1,-1
645,220,33.08,2.50,194.53,475.52,0.8686,-1,-1,-1
645,210,287.23,120.66,70.88,228.93,0.8562,-1,-1,-1
645,223,268.96,145.83,30.88,158.40,0.5114,-1,-1,-1
646,186,389.56,0.31,247.07,474.42,0.9145,-1,-1,-1
646,218,219.17,125.11,56.45,214.40,0.7904,-1,-1,-1
646,220,53.67,0.51,169.81,478.35,0.8939,-1,-1,-1
646,210,283.58,121.89,67.18,229.47,0.7914,-1,-1,-1
646,223,264.50,145.22,28.06,127.91,0.5340,-1,-1,-1
647,186,388.32,1.40,249.38,476.32,0.9191,-1,-1,-1
647,218,218.47,126.13,52.59,197.95,0.8153,-1,-1,-1
647,220,63.83,-0.30,158.21,480.39,0.8976,-1,-1,-1
647,210,280.62,125.23,65.68,230.06,0.7967,-1,-1,-1
647,223,256.97,149.05,31.45,147.56,0.6761,-1,-1,-1
648,186,389.64,1.92,249.17,475.41,0.9144,-1,-1,-1
648,218,218.39,129.88,50.63,193.81,0.7353,-1,-1,-1
648,220,68.09,0.52,154.29,479.74,0.9028,-1,-1,-1
648,210,280.08,129.21,64.94,228.28,0.7823,-1,-1,-1
648,223,255.29,151.39,32.65,150.49,0.6552,-1,-1,-1
649,186,389.98,3.06,249.33,475.70,0.9203,-1,-1,-1
649,218,217.98,137.49,50.90,199.70,0.7172,-1,-1,-1
649,220,66.79,3.80,155.16,477.20,0.8980,-1,-1,-1
649,210,279.06,133.53,65.27,226.47,0.7799,-1,-1,-1
649,223,254.95,155.69,32.48,149.36,0.6807,-1,-1,-1
650,186,390.59,1.14,247.65,477.28,0.9206,-1,-1,-1
650,218,216.00,138.06,52.05,201.75,0.8070,-1,-1,-1
650,220,62.69,4.27,156.80,475.03,0.8956,-1,-1,-1
650,210,275.52,131.44,67.50,222.67,0.7991,-1,-1,-1
651,186,387.80,-1.88,249.40,479.23,0.8969,-1,-1,-1
651,218,207.65,127.35,54.17,213.20,0.7679,-1,-1,-1
651,220,44.34,-0.87,167.20,478.12,0.8885,-1,-1,-1
651,210,262.20,123.18,73.21,220.01,0.8029,-1,-1,-1
652,186,390.69,0.90,247.09,476.35,0.9023,-1,-1,-1
652,218,205.22,129.26,56.47,217.25,0.8175,-1,-1,-1
652,220,41.24,1.72,169.59,476.35,0.8966,-1,-1,-1
652,210,258.74,127.04,74.13,220.01,0.8354,-1,-1,-1
653,186,394.10,2.76,245.05,478.03,0.8966,-1,-1,-1
653,218,204.51,135.63,57.22,219.68,0.8145,-1,-1,-1
653,220,40.44,6.06,172.34,475.19,0.8762,-1,-1,-1
653,210,258.69,134.62,72.59,221.64,0.8489,-1,-1,-1
654,186,394.23,-2.20,245.76,478.70,0.9116,-1,-1,-1
654,218,202.07,131.09,57.81,220.51,0.7886,-1,-1,-1
654,220,34.88,-0.57,178.46,478.41,0.8887,-1,-1,-1
654,210,258.73,129.41,71.04,222.32,0.8315,-1,-1,-1
655,186,394.34,-1.22,245.90,479.32,0.9175,-1,-1,-1
655,218,196.71,133.80,65.08,220.58,0.8414,-1,-1,-1
655,220,25.24,0.01,191.84,479.92,0.8750,-1,-1,-1
655,210,262.35,131.13,70.14,222.55,0.8482,-1,-1,-1
656,186,391.25,-0.44,247.07,479.64,0.8977,-1,-1,-1
656,218,201.26,134.39,59.61,220.23,0.7752,-1,-1,-1
656,220,15.52,0.57,203.82,479.44,0.8913,-1,-1,-1
656,210,265.38,130.57,67.62,220.34,0.8448,-1,-1,-1
657,186,380.53,-1.56,258.31,478.08,0.8913,-1,-1,-1
657,218,209.99,125.90,54.19,214.12,0.7780,-1,-1,-1
657,220,16.68,1.45,206.46,474.02,0.9124,-1,-1,-1
657,210,271.13,121.87,68.32,215.43,0.8607,-1,-1,-1
658,186,380.88,1.60,254.64,474.06,0.8927,-1,-1,-1
658,218,216.89,126.18,52.10,208.01,0.8042,-1,-1,-1
658,220,27.23,8.51,199.58,466.03,0.8965,-1,-1,-1
658,210,275.38,120.72,68.12,212.31,0.8461,-1,-1,-1
659,186,382.65,2.32,244.91,471.53,0.9049,-1,-1,-1
659,218,219.57,128.06,55.40,198.11,0.7765,-1,-1,-1
659,220,51.57,12.46,178.57,463.02,0.9092,-1,-1,-1
659,210,279.85,120.93,68.60,211.57,0.8334,-1,-1,-1
660,186,383.99,2.42,238.94,474.84,0.8985,-1,-1,-1
660,218,210.59,134.41,58.88,192.83,0.7545,-1,-1,-1
660,220,68.63,13.25,154.28,462.40,0.8865,-1,-1,-1
660,210,274.55,128.33,68.90,211.58,0.8413,-1,-1,-1
661,186,387.78,-0.78,242.84,475.60,0.9184,-1,-1,-1
661,218,208.69,136.70,62.18,191.03,0.6222,-1,-1,-1
661,220,79.68,8.32,146.56,469.79,0.8859,-1,-1,-1
661,210,274.30,130.11,70.68,208.95,0.8185,-1,-1,-1
662,186,387.62,-0.86,249.41,479.27,0.8988,-1,-1,-1
662,218,213.53,138.77,58.15,170.51,0.4958,-1,-1,-1
662,220,85.72,4.77,140.23,475.99,0.8764,-1,-1,-1
662,210,273.51,131.26,68.60,211.91,0.8510,-1,-1,-1
663,186,390.15,-0.29,249.42,477.55,0.8743,-1,-1,-1
663,218,221.02,138.24,53.66,160.85,0.5902,-1,-1,-1
663,220,89.69,4.54,143.04,476.57,0.8680,-1,-1,-1
663,210,274.38,131.24,67.60,207.74,0.8586,-1,-1,-1
663,229,36.64,130.32,67.47,211.17,0.7919,-1,-1,-1
664,186,392.67,0.47,247.35,476.82,0.9131,-1,-1,-1
664,218,223.92,136.73,52.07,156.98,0.6913,-1,-1,-1
664,220,91.86,7.46,139.03,452.26,0.8857,-1,-1,-1
664,210,274.94,131.46,67.54,205.18,0.8644,-1,-1,-1
664,229,11.69,126.04,91.18,217.75,0.7869,-1,-1,-1
665,186,401.74,-0.05,240.30,482.36,0.9056,-1,-1,-1
665,218,226.52,133.72,51.56,160.35,0.8041,-1,-1,-1
665,220,95.32,11.71,136.47,462.52,0.8705,-1,-1,-1
665,210,277.57,130.25,68.57,204.90,0.8241,-1,-1,-1
665,229,3.72,114.86,90.85,231.25,0.8364,-1,-1,-1
666,186,412.72,-0.22,228.06,480.47,0.8781,-1,-1,-1
666,218,228.01,131.31,51.43,161.93,0.8193,-1,-1,-1
666,220,98.58,11.85,135.22,464.07,0.8391,-1,-1,-1
666,210,278.95,127.14,67.08,206.14,0.8209,-1,-1,-1
666,229,0.41,105.52,87.58,239.71,0.8896,-1,-1,-1
666,230,81.10,154.12,34.71,183.20,0.4281,-1,-1,-1
667,186,428.63,-0.28,213.47,481.50,0.8947,-1,-1,-1
667,218,233.44,132.28,47.27,160.23,0.7241,-1,-1,-1
667,220,100.89,11.16,133.27,468.26,0.8721,-1,-1,-1
667,210,280.48,127.36,67.06,207.20,0.8010,-1,-1,-1
667,229,-2.68,97.31,85.80,250.21,0.8918,-1,-1,-1
667,230,77.51,108.13,44.56,229.84,0.6754,-1,-1,-1
668,186,446.53,0.62,195.92,481.54,0.9091,-1,-1,-1
668,218,237.06,135.61,48.56,164.14,0.7602,-1,-1,-1
668,220,110.15,11.39,132.53,469.31,0.8669,-1,-1,-1
668,210,284.79,130.26,66.65,205.55,0.8484,-1,-1,-1
668,229,-2.15,94.54,80.01,259.75,0.8746,-1,-1,-1
668,230,73.07,93.40,50.44,256.73,0.7957,-1,-1,-1
669,186,456.84,-1.00,183.82,479.64,0.9209,-1,-1,-1
669,218,235.78,130.92,53.05,158.66,0.5285,-1,-1,-1
669,220,100.42,5.16,146.27,457.78,0.8750,-1,-1,-1
669,210,287.91,124.93,65.45,199.24,0.8841,-1,-1,-1
669,229,-1.75,87.39,69.51,265.64,0.8560,-1,-1,-1
669,230,64.20,82.96,58.69,272.05,0.7843,-1,-1,-1
669,231,383.45,100.51,96.05,269.42,0.7864,-1,-1,-1
670,186,463.16,0.41,177.62,479.57,0.9158,-1,-1,-1
670,218,236.09,129.62,55.54,179.97,0.7521,-1,-1,-1
670,220,93.09,6.41,158.58,458.53,0.8684,-1,-1,-1
670,210,290.54,124.14,65.14,198.26,0.8689,-1,-1,-1
670,229,-1.51,88.85,57.64,269.11,0.8521,-1,-1,-1
670,230,53.36,78.44,69.25,289.27,0.6817,-1,-1,-1
670,231,399.09,102.57,89.05,265.15,0.8375,-1,-1,-1
671,186,466.04,3.46,174.08,477.94,0.9126,-1,-1,-1
671,218,241.24,137.03,50.16,188.02,0.7359,-1,-1,-1
671,220,79.98,18.07,174.46,455.21,0.8384,-1,-1,-1
671,210,290.40,131.63,66.26,198.21,0.8549,-1,-1,-1
671,229,-2.01,111.19,47.93,257.96,0.8169,-1,-1,-1
671,230,40.47,81.06,80.84,308.39,0.7928,-1,-1,-1
671,231,395.13,113.02,93.18,266.42,0.7815,-1,-1,-1
672,186,468.08,5.89,170.79,478.64,0.8930,-1,-1,-1
672,218,247.31,148.82,43.23,186.84,0.7239,-1,-1,-1
672,220,92.01,36.85,162.15,444.20,0.7667,-1,-1,-1
672,210,290.52,142.86,64.53,200.07,0.8583,-1,-1,-1
672,229,-2.05,126.32,29.26,261.62,0.6564,-1,-1,-1
672,230,24.18,82.67,94.14,329.81,0.8464,-1,-1,-1
672,231,398.78,126.72,86.89,270.22,0.8368,-1,-1,-1
673,186,465.62,-3.03,175.81,480.60,0.8639,-1,-1,-1
673,218,253.20,139.59,42.36,182.67,0.7724,-1,-1,-1
673,220,105.54,29.52,150.24,447.55,0.8710,-1,-1,-1
673,210,294.77,133.24,63.98,198.92,0.8404,-1,-1,-1
673,230,6.65,58.89,112.07,352.67,0.8679,-1,-1,-1
673,231,404.31,112.74,88.53,274.62,0.8543,-1,-1,-1
674,186,462.06,-1.96,176.09,478.55,0.8838,-1,-1,-1
674,218,249.36,134.91,44.73,182.81,0.7834,-1,-1,-1
674,220,91.32,24.88,156.29,452.02,0.7765,-1,-1,-1
674,210,291.98,127.77,60.52,197.40,0.8566,-1,-1,-1
674,230,-3.09,39.88,116.39,373.98,0.8913,-1,-1,-1
674,231,400.59,104.35,83.71,271.78,0.8356,-1,-1,-1
675,186,475.97,3.24,157.79,476.20,0.9052,-1,-1,-1
675,218,235.71,140.20,54.49,181.67,0.6282,-1,-1,-1
675,220,94.77,25.50,142.61,453.31,0.8820,-1,-1,-1
675,210,287.51,135.37,57.32,189.27,0.8597,-1,-1,-1
675,230,-4.41,30.35,100.37,393.29,0.8869,-1,-1,-1
675,231,393.85,110.04,80.18,266.10,0.8354,-1,-1,-1
676,186,475.39,4.98,159.14,475.08,0.8279,-1,-1,-1
676,218,237.01,142.67,48.49,185.83,0.8134,-1,-1,-1
676,220,96.15,26.19,139.51,446.76,0.8958,-1,-1,-1
676,210,283.24,139.57,56.52,187.90,0.8510,-1,-1,-1
676,230,-4.09,20.44,81.95,411.43,0.8588,-1,-1,-1
676,231,385.04,116.18,85.35,263.70,0.7587,-1,-1,-1
677,186,478.05,1.96,160.46,476.69,0.8987,-1,-1,-1
677,218,241.11,140.66,46.61,186.64,0.8188,-1,-1,-1
677,220,96.62,21.41,144.56,447.43,0.8886,-1,-1,-1
677,210,285.08,138.73,57.74,188.43,0.8241,-1,-1,-1
677,230,-2.83,19.57,62.42,417.59,0.7165,-1,-1,-1
677,231,387.85,115.61,86.08,267.58,0.7805,-1,-1,-1
678,186,474.02,-0.09,165.07,476.13,0.9060,-1,-1,-1
678,218,239.35,139.72,45.12,183.59,0.8256,-1,-1,-1
678,220,100.81,18.75,139.43,453.08,0.8651,-1,-1,-1
678,210,281.20,136.97,59.90,189.93,0.8527,-1,-1,-1
678,231,385.74,113.23,87.56,272.17,0.8410,-1,-1,-1
679,186,471.01,1.45,169.32,477.98,0.8952,-1,-1,-1
679,218,238.66,147.05,45.01,192.65,0.7142,-1,-1,-1
679,220,104.89,27.69,133.20,451.29,0.8280,-1,-1,-1
679,210,280.78,142.12,59.97,191.11,0.8565,-1,-1,-1
679,231,382.98,118.25,92.15,274.63,0.7720,-1,-1,-1
679,232,82.06,164.01,43.45,157.38,0.5563,-1,-1,-1
680,186,469.07,2.55,170.25,478.20,0.9085,-1,-1,-1
680,218,237.18,152.47,46.17,197.26,0.7467,-1,-1,-1
680,220,105.05,36.81,132.09,428.32,0.8177,-1,-1,-1
680,210,279.89,145.24,59.53,191.87,0.8632,-1,-1,-1
680,231,380.20,121.41,93.62,277.46,0.7584,-1,-1,-1
680,232,75.70,159.23,49.92,167.80,0.5967,-1,-1,-1
681,186,468.53,0.66,170.06,478.98,0.9140,-1,-1,-1
681,218,235.04,150.11,45.09,184.77,0.7857,-1,-1,-1
681,220,103.65,39.68,132.26,424.93,0.7966,-1,-1,-1
681,210,276.32,142.87,60.56,188.41,0.8541,-1,-1,-1
681,231,376.18,118.17,92.50,280.01,0.8328,-1,-1,-1
681,232,63.47,138.08,56.65,190.15,0.7463,-1,-1,-1
682,186,473.45,0.26,164.85,479.50,0.9115,-1,-1,-1
682,218,231.30,146.85,45.77,182.70,0.7967,-1,-1,-1
682,220,100.39,34.92,136.45,438.62,0.8531,-1,-1,-1
682,210,275.49,140.28,58.99,188.37,0.8667,-1,-1,-1
682,231,372.51,114.77,90.78,276.38,0.8198,-1,-1,-1
682,232,50.18,126.61,67.16,210.71,0.7842,-1,-1,-1
683,186,480.42,1.05,158.68,478.16,0.9110,-1,-1,-1
683,218,234.21,146.61,42.05,182.04,0.7650,-1,-1,-1
683,220,98.66,35.83,140.83,441.74,0.8583,-1,-1,-1
683,210,275.66,140.87,58.08,186.16,0.8635,-1,-1,-1
683,231,356.59,114.25,99.07,274.95,0.6908,-1,-1,-1
683,232,44.64,122.36,68.84,225.88,0.7948,-1,-1,-1
684,186,488.68,-0.82,151.47,479.50,0.9155,-1,-1,-1
684,218,229.43,143.10,45.38,184.20,0.6547,-1,-1,-1
684,220,95.68,27.66,142.34,438.92,0.8657,-1,-1,-1
684,210,272.52,137.41,60.34,188.24,0.8640,-1,-1,-1
684,231,353.10,108.67,99.43,280.61,0.7305,-1,-1,-1
684,232,34.25,111.20,77.88,241.74,0.7714,-1,-1,-1
685,186,494.92,-0.15,146.11,479.55,0.9132,-1,-1,-1
685,218,217.21,142.01,58.25,197.26,0.7062,-1,-1,-1
685,220,86.83,25.15,152.37,442.25,0.8815,-1,-1,-1
685,210,273.06,136.58,61.15,189.32,0.8616,-1,-1,-1
685,231,350.41,109.92,102.71,281.36,0.7595,-1,-1,-1
685,232,19.44,105.13,89.82,253.55,0.5748,-1,-1,-1
686,186,496.28,-0.92,145.00,479.60,0.8968,-1,-1,-1
686,218,217.32,142.06,56.77,195.93,0.4229,-1,-1,-1
686,220,78.31,25.25,159.67,450.51,0.8909,-1,-1,-1
686,210,270.91,135.24,60.61,189.56,0.8212,-1,-1,-1
686,231,353.81,109.63,97.59,284.19,0.7943,-1,-1,-1
686,232,11.21,93.59,90.93,267.34,0.7964,-1,-1,-1
687,186,497.20,-0.56,143.88,480.18,0.9104,-1,-1,-1
687,218,226.99,143.03,47.14,160.72,0.5414,-1,-1,-1
687,220,76.61,29.65,160.92,449.72,0.8834,-1,-1,-1
687,210,271.06,135.46,59.69,186.09,0.8404,-1,-1,-1
687,231,357.70,108.36,92.71,288.70,0.8427,-1,-1,-1
687,232,-0.08,83.34,93.31,281.52,0.8851,-1,-1,-1
688,186,493.41,-0.98,147.21,480.56,0.9203,-1,-1,-1
688,218,227.05,139.60,40.91,145.01,0.5504,-1,-1,-1
688,220,65.21,31.13,167.06,449.43,0.8681,-1,-1,-1
688,210,266.53,131.54,59.77,185.59,0.7832,-1,-1,-1
688,231,356.25,103.99,94.19,289.47,0.8473,-1,-1,-1
688,232,-5.92,73.36,87.93,292.75,0.8248,-1,-1,-1
689,186,482.76,0.10,158.24,480.53,0.8965,-1,-1,-1
689,218,224.20,141.54,42.84,166.27,0.7151,-1,-1,-1
689,220,78.63,33.79,150.83,448.49,0.8262,-1,-1,-1
689,210,264.52,132.71,59.91,185.63,0.8241,-1,-1,-1
689,231,356.97,105.01,91.13,285.19,0.8437,-1,-1,-1
689,232,-5.93,68.28,78.29,298.90,0.7674,-1,-1,-1
689,235,306.32,151.76,43.91,138.41,0.6047,-1,-1,-1
690,186,456.03,0.13,184.55,480.15,0.8623,-1,-1,-1
690,218,220.50,141.14,45.07,174.83,0.6364,-1,-1,-1
690,220,80.64,33.18,147.22,448.28,0.8663,-1,-1,-1
690,210,262.57,133.50,58.16,185.88,0.8410,-1,-1,-1
690,231,357.04,103.42,86.88,280.67,0.8486,-1,-1,-1
690,232,-4.45,72.91,69.61,300.97,0.6837,-1,-1,-1
690,235,307.18,151.93,47.41,139.45,0.7234,-1,-1,-1
691,186,450.61,0.83,188.06,477.72,0.8517,-1,-1,-1
691,218,217.75,143.75,46.03,199.30,0.4540,-1,-1,-1
691,220,97.02,32.49,132.87,442.92,0.8914,-1,-1,-1
691,210,260.56,136.70,58.78,185.92,0.8256,-1,-1,-1
691,231,353.09,102.85,87.08,282.20,0.8244,-1,-1,-1
691,232,-3.07,82.20,57.91,227.06,0.5576,-1,-1,-1
691,235,308.15,153.32,47.54,139.59,0.8004,-1,-1,-1
692,186,477.90,3.34,159.14,472.18,0.8479,-1,-1,-1
692,218,223.73,147.08,38.74,151.04,0.4845,-1,-1,-1
692,220,107.23,32.81,125.96,434.30,0.8958,-1,-1,-1
692,210,259.78,140.81,58.79,183.44,0.8394,-1,-1,-1
692,231,351.90,104.18,86.51,283.79,0.8502,-1,-1,-1
692,232,-0.89,86.27,44.67,207.92,0.5479,-1,-1,-1
692,235,310.06,152.78,49.24,142.00,0.7730,-1,-1,-1
692,236,52.93,135.75,60.48,181.41,0.7586,-1,-1,-1
693,186,493.06,2.94,143.47,469.01,0.8814,-1,-1,-1
693,218,229.01,143.12,36.04,125.84,0.3494,-1,-1,-1
693,220,115.69,28.20,125.52,437.53,0.8834,-1,-1,-1
693,210,262.12,134.45,59.36,182.89,0.8407,-1,-1,-1
693,231,351.39,101.73,93.16,284.47,0.7831,-1,-1,-1
693,232,1.68,102.30,40.71,201.28,0.3536,-1,-1,-1
693,235,315.35,146.48,49.11,144.38,0.6527,-1,-1,-1
693,236,45.72,130.06,67.63,188.89,0.7319,-1,-1,-1
694,186,445.00,-1.11,193.29,472.46,0.8623,-1,-1,-1
694,218,226.81,138.04,37.29,133.10,0.3521,-1,-1,-1
694,220,119.13,25.80,120.52,442.58,0.8489,-1,-1,-1
694,210,260.92,129.67,61.39,180.89,0.8173,-1,-1,-1
694,231,349.16,96.37,93.91,288.45,0.7774,-1,-1,-1
694,235,317.20,137.83,47.12,130.66,0.4944,-1,-1,-1
694,236,25.07,124.78,79.18,195.71,0.7819,-1,-1,-1
695,186,434.09,-0.35,205.48,476.24,0.8935,-1,-1,-1
695,220,122.73,26.91,128.95,449.20,0.8025,-1,-1,-1
695,210,260.31,127.74,60.65,178.53,0.8311,-1,-1,-1
695,231,340.78,94.38,97.71,291.52,0.7088,-1,-1,-1
695,235,317.95,133.86,49.88,116.31,0.4509,-1,-1,-1
695,236,11.41,120.94,82.07,208.23,0.8250,-1,-1,-1
695,237,94.52,141.49,40.71,149.16,0.7334,-1,-1,-1
696,186,440.77,3.50,199.45,476.55,0.8511,-1,-1,-1
696,220,121.25,38.61,138.22,442.51,0.7958,-1,-1,-1
696,210,261.02,133.57,62.35,178.86,0.7891,-1,-1,-1
696,231,341.39,99.20,94.67,289.57,0.7924,-1,-1,-1
696,236,5.28,119.53,81.20,221.36,0.8270,-1,-1,-1
696,237,94.15,145.32,42.62,152.97,0.7723,-1,-1,-1
697,186,462.31,2.39,178.08,477.53,0.9058,-1,-1,-1
697,220,125.47,39.79,138.78,440.74,0.8707,-1,-1,-1
697,210,264.58,133.16,60.87,181.10,0.8406,-1,-1,-1
697,231,343.88,97.63,89.91,283.64,0.8335,-1,-1,-1
697,236,2.10,115.37,77.58,228.33,0.8294,-1,-1,-1
697,237,93.58,142.68,42.76,157.68,0.7263,-1,-1,-1
698,186,461.64,0.78,177.35,477.73,0.9108,-1,-1,-1
698,220,136.82,35.09,130.16,435.15,0.8733,-1,-1,-1
698,210,264.91,133.34,59.13,179.80,0.8059,-1,-1,-1
698,231,333.32,93.09,95.69,283.86,0.8187,-1,-1,-1
698,236,-2.65,106.87,77.28,237.48,0.8074,-1,-1,-1
698,237,87.16,138.53,44.29,160.44,0.5224,-1,-1,-1
699,186,459.36,3.43,179.24,478.25,0.9091,-1,-1,-1
699,220,144.31,39.15,125.13,418.73,0.8985,-1,-1,-1
699,210,267.49,140.35,54.95,179.15,0.8272,-1,-1,-1
699,231,333.75,98.25,92.44,285.70,0.8345,-1,-1,-1
699,236,-2.85,107.88,74.12,243.88,0.8453,-1,-1,-1
699,237,84.05,143.44,41.62,152.42,0.5290,-1,-1,-1
699,238,104.02,172.77,51.15,181.06,0.7133,-1,-1,-1
700,186,457.58,5.37,181.76,478.44,0.9097,-1,-1,-1
700,220,137.67,46.02,137.03,411.89,0.8784,-1,-1,-1
700,210,272.92,147.84,50.33,175.59,0.8006,-1,-1,-1
700,231,333.79,106.43,90.61,289.53,0.8484,-1,-1,-1
700,236,-2.40,110.29,66.94,258.55,0.7408,-1,-1,-1
700,237,83.78,149.17,41.19,108.56,0.2949,-1,-1,-1
700,238,93.80,175.25,57.45,193.75,0.6921,-1,-1,-1
701,186,457.53,-0.55,179.70,479.43,0.9211,-1,-1,-1
701,220,131.89,34.95,144.60,418.94,0.8668,-1,-1,-1
701,210,271.72,137.75,46.64,162.88,0.7944,-1,-1,-1
701,231,327.63,99.76,89.62,292.77,0.8336,-1,-1,-1
701,236,-4.10,122.39,48.52,231.99,0.3789,-1,-1,-1
701,238,77.86,158.58,61.65,209.41,0.6796,-1,-1,-1
701,239,30.38,151.69,41.05,146.72,0.6822,-1,-1,-1
702,186,450.57,-0.39,187.35,478.54,0.9250,-1,-1,-1
702,220,126.54,37.85,150.99,423.31,0.8602,-1,-1,-1
702,210,268.15,137.14,46.82,156.96,0.7785,-1,-1,-1
702,231,312.42,99.49,104.69,295.25,0.7966,-1,-1,-1
702,238,62.95,156.04,64.33,219.97,0.7356,-1,-1,-1
702,239,15.39,147.31,51.49,157.17,0.7361,-1,-1,-1
702,240,113.00,125.55,48.98,211.78,0.5789,-1,-1,-1
702,237,62.04,130.00,34.32,81.35,0.3805,-1,-1,-1
703,186,442.74,2.19,196.50,476.38,0.9266,-1,-1,-1
703,220,122.43,46.31,157.21,426.59,0.8437,-1,-1,-1
703,210,268.06,140.01,46.08,147.27,0.7071,-1,-1,-1
703,231,313.91,102.06,97.23,294.09,0.8208,-1,-1,-1
703,238,47.91,156.34,73.68,234.74,0.8088,-1,-1,-1
703,239,5.59,148.56,57.70,157.98,0.7033,-1,-1,-1
703,240,110.61,125.28,47.54,220.94,0.5766,-1,-1,-1
703,237,55.63,129.44,35.01,70.94,0.2817,-1,-1,-1
704,186,435.98,0.61,205.39,477.72,0.9201,-1,-1,-1
704,220,119.71,50.90,159.14,425.74,0.8545,-1,-1,-1
704,210,265.40,142.30,46.29,150.24,0.6489,-1,-1,-1
704,231,313.48,101.26,90.67,289.76,0.8292,-1,-1,-1
704,238,29.71,154.58,80.69,251.44,0.7251,-1,-1,-1
704,239,-1.84,150.89,57.78,161.95,0.7208,-1,-1,-1
704,240,97.37,122.26,57.55,227.37,0.7108,-1,-1,-1
704,242,383.29,115.83,63.32,207.79,0.7892,-1,-1,-1
705,186,427.92,-1.28,212.81,479.35,0.9228,-1,-1,-1
705,220,125.02,47.81,149.28,428.24,0.8726,-1,-1,-1
705,210,261.60,140.46,46.63,157.22,0.6724,-1,-1,-1
705,231,310.49,96.50,88.94,284.21,0.8502,-1,-1,-1
705,238,6.93,147.73,91.35,270.86,0.8042,-1,-1,-1
705,239,-3.82,165.84,47.71,146.95,0.3344,-1,-1,-1
705,240,84.17,114.94,64.98,236.95,0.7979,-1,-1,-1
705,242,381.73,110.36,63.06,216.34,0.6807,-1,-1,-1
706,186,417.83,-0.05,221.42,479.61,0.9200,-1,-1,-1
706,220,135.32,42.47,134.56,427.85,0.8629,-1,-1,-1
706,210,258.55,139.89,44.60,134.09,0.7361,-1,-1,-1
706,231,302.43,95.15,88.51,287.73,0.8324,-1,-1,-1
706,238,-3.06,141.38,85.29,287.96,0.8798,-1,-1,-1
706,240,66.12,107.15,77.51,250.23,0.8448,-1,-1,-1
706,242,379.22,103.41,57.74,230.03,0.5083,-1,-1,-1
707,186,401.75,2.48,235.88,478.30,0.8951,-1,-1,-1
707,220,136.26,41.99,130.26,414.59,0.8941,-1,-1,-1
707,210,255.65,142.41,43.18,117.20,0.6436,-1,-1,-1
707,231,297.71,98.47,86.76,289.71,0.8565,-1,-1,-1
707,238,-5.46,137.68,71.28,302.93,0.8315,-1,-1,-1
707,240,44.35,103.77,92.16,265.27,0.7726,-1,-1,-1
707,242,374.54,103.18,61.06,237.96,0.6344,-1,-1,-1
708,186,367.59,3.77,267.18,475.86,0.8693,-1,-1,-1
708,220,132.60,39.23,128.45,412.36,0.8754,-1,-1,-1
708,210,251.46,142.77,43.30,113.41,0.6235,-1,-1,-1
708,231,288.67,101.42,88.76,291.23,0.8378,-1,-1,-1
708,238,-5.47,131.18,52.49,315.26,0.7599,-1,-1,-1
708,240,18.96,99.98,106.23,274.82,0.7046,-1,-1,-1
709,186,366.03,5.69,259.61,470.74,0.8650,-1,-1,-1
709,220,130.10,40.30,129.87,409.31,0.8689,-1,-1,-1
709,210,247.92,142.28,44.54,117.80,0.7152,-1,-1,-1
709,231,282.16,103.60,89.46,289.90,0.8033,-1,-1,-1
709,240,5.26,96.00,109.00,323.12,0.7109,-1,-1,-1
710,186,336.81,6.45,272.92,465.06,0.8939,-1,-1,-1
710,220,126.55,44.47,132.61,413.42,0.8648,-1,-1,-1
710,210,244.37,142.78,45.69,114.60,0.7431,-1,-1,-1
710,231,273.38,103.06,95.39,289.47,0.7581,-1,-1,-1
710,240,-1.08,90.62,110.00,352.91,0.6758,-1,-1,-1
711,186,313.21,1.95,285.58,471.13,0.8860,-1,-1,-1
711,220,120.92,41.53,134.81,407.94,0.8207,-1,-1,-1
711,210,242.59,139.54,42.87,114.60,0.6849,-1,-1,-1
711,231,269.73,95.77,95.97,296.32,0.7810,-1,-1,-1
711,240,-7.59,72.22,107.80,338.02,0.8855,-1,-1,-1
712,186,299.19,-1.36,292.41,478.66,0.8948,-1,-1,-1
712,220,118.12,39.17,133.26,426.65,0.8869,-1,-1,-1
712,210,241.54,140.08,41.21,113.55,0.6085,-1,-1,-1
712,231,266.58,89.25,95.41,297.37,0.8236,-1,-1,-1
712,240,-10.32,50.60,86.20,363.71,0.7077,-1,-1,-1
713,186,320.79,-3.68,277.37,484.10,0.9166,-1,-1,-1
713,220,115.43,34.03,135.35,435.95,0.9004,-1,-1,-1
713,210,243.37,139.22,37.71,111.17,0.6945,-1,-1,-1
713,231,265.92,85.08,93.90,298.84,0.8166,-1,-1,-1
713,240,-9.09,32.49,69.76,411.79,0.7371,-1,-1,-1
714,186,328.57,-3.70,299.36,486.56,0.9015,-1,-1,-1
714,220,111.43,32.35,142.09,432.76,0.8968,-1,-1,-1
714,210,247.89,140.50,36.79,105.60,0.7459,-1,-1,-1
714,231,268.26,86.03,95.57,301.66,0.8158,-1,-1,-1
715,186,330.19,-1.81,309.36,481.24,0.9130,-1,-1,-1
715,220,109.22,30.80,148.56,414.56,0.9022,-1,-1,-1
715,210,252.07,139.20,36.61,104.95,0.6351,-1,-1,-1
715,231,272.79,87.75,94.76,301.61,0.8309,-1,-1,-1
715,244,28.72,87.78,73.25,233.30,0.7634,-1,-1,-1
716,186,336.33,1.45,305.73,478.04,0.8857,-1,-1,-1
716,220,107.88,34.09,154.69,407.03,0.8984,-1,-1,-1
716,210,257.93,142.34,35.79,102.53,0.6748,-1,-1,-1
716,231,276.59,91.94,95.34,306.95,0.8401,-1,-1,-1
716,244,28.54,87.01,78.72,249.46,0.8297,-1,-1,-1
716,246,1.65,69.87,70.41,269.13,0.3829,-1,-1,-1
717,186,347.18,2.54,292.31,476.96,0.8714,-1,-1,-1
717,220,105.72,39.93,158.47,400.06,0.8878,-1,-1,-1
717,210,262.09,143.31,37.67,100.65,0.7287,-1,-1,-1
717,231,280.14,94.70,96.52,304.97,0.8474,-1,-1,-1
717,244,14.76,82.27,94.04,262.76,0.8884,-1,-1,-1
717,246,9.01,77.70,92.36,264.85,0.8884,-1,-1,-1
718,186,365.15,2.99,274.40,476.28,0.8972,-1,-1,-1
718,220,103.91,48.29,163.80,406.25,0.8917,-1,-1,-1
718,210,267.30,148.31,37.63,103.98,0.7652,-1,-1,-1
718,231,287.98,97.34,95.72,306.52,0.8125,-1,-1,-1
718,244,6.28,79.47,101.73,286.44,0.8838,-1,-1,-1
718,246,7.58,80.02,102.25,285.32,0.8838,-1,-1,-1
719,186,377.41,1.43,263.86,476.92,0.9051,-1,-1,-1
719,220,102.60,54.09,162.82,410.06,0.8880,-1,-1,-1
719,210,272.41,150.36,36.74,106.47,0.7071,-1,-1,-1
719,231,294.56,96.82,92.66,306.70,0.5796,-1,-1,-1
719,244,-1.07,76.68,112.09,298.34,0.9004,-1,-1,-1
719,246,2.19,78.77,113.44,295.79,0.9004,-1,-1,-1
720,186,386.05,-0.48,256.83,478.56,0.9164,-1,-1,-1
720,220,103.53,54.20,162.76,408.50,0.8886,-1,-1,-1
720,210,277.15,149.33,36.35,113.36,0.6706,-1,-1,-1
720,231,300.54,95.26,91.00,302.12,0.8466,-1,-1,-1
720,244,-2.32,72.14,115.80,312.87,0.8962,-1,-1,-1
720,246,1.44,74.49,117.22,310.27,0.8962,-1,-1,-1
720,247,255.58,158.51,24.00,97.43,0.4298,-1,-1,-1
721,186,394.46,-3.42,250.88,482.79,0.9261,-1,-1,-1
721,220,108.95,49.12,152.90,399.09,0.8911,-1,-1,-1
721,210,282.69,145.81,37.19,109.14,0.6122,-1,-1,-1
721,231,305.53,92.09,91.80,301.50,0.8501,-1,-1,-1
721,244,-6.11,57.43,116.23,338.32,0.9202,-1,-1,-1
721,246,-2.49,59.73,117.41,336.00,0.9202,-1,-1,-1
721,247,246.46,150.10,38.39,117.90,0.5532,-1,-1,-1
722,186,399.61,-0.79,243.83,479.90,0.9253,-1,-1,-1
722,220,118.27,51.52,142.05,384.40,0.9016,-1,-1,-1
722,210,288.14,147.85,34.64,102.54,0.5995,-1,-1,-1
722,231,308.07,94.53,93.41,301.96,0.8776,-1,-1,-1
722,244,-5.42,51.15,114.19,352.20,0.9217,-1,-1,-1
722,246,-2.18,53.22,115.09,350.07,0.9217,-1,-1,-1
722,247,244.06,153.72,45.79,129.15,0.5227,-1,-1,-1
723,186,399.65,0.60,243.63,480.03,0.9147,-1,-1,-1
723,220,132.56,53.07,130.57,384.62,0.8952,-1,-1,-1
723,210,295.14,152.31,32.97,99.90,0.6303,-1,-1,-1
723,231,315.66,98.63,91.73,304.80,0.6778,-1,-1,-1
723,244,-3.59,45.31,113.13,366.19,0.9252,-1,-1,-1
723,246,-0.76,47.16,113.81,364.28,0.9252,-1,-1,-1
723,247,251.53,157.04,45.72,141.66,0.6098,-1,-1,-1
724,186,395.40,1.20,245.37,479.25,0.9033,-1,-1,-1
724,220,142.01,54.62,121.48,386.64,0.8978,-1,-1,-1
724,210,298.90,154.17,31.61,100.44,0.6612,-1,-1,-1
724,231,317.67,101.30,91.69,304.59,0.8461,-1,-1,-1
724,244,-3.08,37.25,110.55,378.70,0.9165,-1,-1,-1
724,246,-0.68,39.02,111.07,377.01,0.9165,-1,-1,-1
724,247,248.43,159.71,51.57,152.93,0.5815,-1,-1,-1
725,186,395.43,0.84,243.33,478.33,0.8764,-1,-1,-1
725,220,148.23,55.63,115.49,390.59,0.8947,-1,-1,-1
725,210,300.86,152.54,31.00,101.28,0.4268,-1,-1,-1
725,231,315.62,99.98,95.18,304.48,0.8198,-1,-1,-1
725,244,-3.17,23.44,103.29,395.36,0.9011,-1,-1,-1
725,246,-1.10,25.01,103.69,393.91,0.9011,-1,-1,-1
725,247,254.27,157.14,48.50,157.38,0.6965,-1,-1,-1
725,248,93.34,188.45,21.27,68.96,0.5546,-1,-1,-1
725,249,139.92,197.77,15.06,46.36,0.5805,-1,-1,-1
725,250,124.24,201.12,13.42,43.73,0.5112,-1,-1,-1
726,186,407.18,3.10,229.00,474.62,0.9232,-1,-1,-1
726,220,156.73,62.29,107.51,390.98,0.8776,-1,-1,-1
726,210,304.43,154.38,31.08,99.08,0.5472,-1,-1,-1
726,231,318.16,101.08,91.28,301.30,0.8232,-1,-1,-1
726,244,-0.44,12.49,93.61,413.10,0.8918,-1,-1,-1
726,246,1.22,13.88,93.89,411.91,0.8918,-1,-1,-1
726,247,260.43,157.40,45.58,155.84,0.7930,-1,-1,-1
726,248,92.53,189.76,26.25,68.62,0.7156,-1,-1,-1
726,249,145.59,198.34,13.40,47.76,0.4136,-1,-1,-1
727,186,404.87,0.74,231.98,473.18,0.9251,-1,-1,-1
727,220,160.63,61.81,105.93,389.79,0.8886,-1,-1,-1
727,210,306.43,150.36,29.46,96.37,0.4999,-1,-1,-1
727,231,317.98,95.36,90.86,297.57,0.8264,-1,-1,-1
727,244,-1.15,4.05,84.59,423.86,0.8778,-1,-1,-1
727,246,0.30,5.11,84.78,422.80,0.8778,-1,-1,-1
727,247,263.51,153.61,44.50,154.72,0.8132,-1,-1,-1
727,248,92.80,187.09,25.63,70.27,0.6394,-1,-1,-1
727,249,147.04,195.91,12.28,47.83,0.5009,-1,-1,-1
727,250,131.55,198.28,14.34,45.79,0.4039,-1,-1,-1
728,186,393.77,-0.59,243.35,473.57,0.9283,-1,-1,-1
728,220,159.28,61.00,106.71,388.73,0.8867,-1,-1,-1
728,210,304.29,148.22,29.96,89.97,0.5175,-1,-1,-1
728,231,314.16,92.44,97.09,292.13,0.8062,-1,-1,-1
728,244,-4.11,24.95,68.95,408.63,0.7280,-1,-1,-1
728,246,-2.84,25.71,69.02,407.61,0.7280,-1,-1,-1
728,247,262.44,152.30,44.68,154.51,0.8363,-1,-1,-1
728,248,89.20,187.72,23.98,70.21,0.5425,-1,-1,-1
728,249,142.57,195.66,14.01,48.51,0.5440,-1,-1,-1
728,250,125.49,197.25,16.34,46.77,0.4843,-1,-1,-1
729,186,384.81,-1.32,255.02,473.71,0.9302,-1,-1,-1
729,220,158.42,58.58,108.25,380.07,0.8967,-1,-1,-1
729,210,304.33,148.18,28.01,84.72,0.5704,-1,-1,-1
729,231,312.96,89.92,96.26,295.47,0.8494,-1,-1,-1
729,246,-3.39,40.30,52.53,399.74,0.2826,-1,-1,-1
729,247,262.32,152.39,45.46,153.40,0.8542,-1,-1,-1
729,248,82.64,187.18,25.40,71.18,0.5962,-1,-1,-1
729,249,139.55,196.17,14.88,47.34,0.5573,-1,-1,-1
729,250,120.80,196.16,18.74,47.94,0.4412,-1,-1,-1
730,186,377.36,2.22,261.86,473.89,0.9263,-1,-1,-1
730,220,159.86,64.40,107.38,368.85,0.9013,-1,-1,-1
730,210,305.12,156.06,28.23,83.74,0.4539,-1,-1,-1
730,231,313.74,98.92,94.43,298.37,0.8134,-1,-1,-1
730,247,264.02,160.58,45.13,151.62,0.8182,-1,-1,-1
730,248,83.81,193.56,23.04,71.54,0.5884,-1,-1,-1
730,250,120.74,199.67,17.50,50.89,0.3287,-1,-1,-1
731,186,373.98,2.67,266.59,475.77,0.9268,-1,-1,-1
731,220,160.82,68.77,108.68,368.44,0.9013,-1,-1,-1
731,210,307.04,161.26,31.08,82.89,0.4402,-1,-1,-1
731,231,315.18,102.56,94.80,307.51,0.8346,-1,-1,-1
731,247,267.16,165.73,42.99,148.94,0.7877,-1,-1,-1
731,248,82.28,195.75,25.08,74.85,0.6459,-1,-1,-1
731,250,122.30,205.35,16.22,49.51,0.5075,-1,-1,-1
732,186,373.66,2.27,265.46,477.48,0.9189,-1,-1,-1
732,220,155.73,72.74,112.86,372.63,0.9002,-1,-1,-1
732,210,307.38,163.78,31.90,84.37,0.4093,-1,-1,-1
732,231,315.39,108.62,93.69,309.03,0.8605,-1,-1,-1
732,247,268.24,166.81,40.91,146.32,0.7782,-1,-1,-1
732,248,76.99,194.87,26.92,77.14,0.6470,-1,-1,-1
732,250,120.00,205.61,16.92,50.13,0.5413,-1,-1,-1
733,186,379.77,2.52,257.45,479.52,0.9095,-1,-1,-1
733,220,149.40,80.46,112.62,376.52,0.8711,-1,-1,-1
733,210,310.34,165.34,29.45,88.06,0.3410,-1,-1,-1
733,231,316.02,111.89,89.99,308.49,0.8630,-1,-1,-1
733,247,266.46,166.95,40.32,144.59,0.7992,-1,-1,-1
733,248,67.42,193.85,30.38,80.21,0.6059,-1,-1,-1
733,250,113.83,203.76,21.41,53.23,0.3600,-1,-1,-1
734,186,387.56,2.75,249.34,479.63,0.9101,-1,-1,-1
734,220,142.66,88.42,112.96,377.14,0.8832,-1,-1,-1
734,231,316.84,116.63,88.10,304.15,0.8352,-1,-1,-1
734,247,266.39,170.06,40.42,138.47,0.7529,-1,-1,-1
734,248,62.45,198.05,31.88,79.79,0.6115,-1,-1,-1
734,250,112.02,209.94,21.66,50.64,0.2716,-1,-1,-1
735,186,394.16,-1.83,244.58,480.89,0.9140,-1,-1,-1
735,220,133.52,83.60,117.88,376.02,0.8492,-1,-1,-1
735,231,317.03,109.00,88.82,296.77,0.8269,-1,-1,-1
735,247,265.72,164.51,41.51,140.96,0.7550,-1,-1,-1
735,248,58.46,192.66,31.25,81.61,0.6094,-1,-1,-1
735,251,241.39,161.45,32.18,122.30,0.5758,-1,-1,-1
736,186,398.26,-3.10,241.29,480.28,0.8931,-1,-1,-1
736,220,143.83,78.15,110.48,367.33,0.8249,-1,-1,-1
736,231,316.14,103.68,89.99,296.23,0.8301,-1,-1,-1
736,247,264.48,162.93,41.82,141.94,0.7888,-1,-1,-1
736,248,55.06,189.45,31.08,82.93,0.5817,-1,-1,-1
736,251,239.44,157.27,31.46,113.39,0.4717,-1,-1,-1
737,186,400.76,-1.56,238.19,478.58,0.9134,-1,-1,-1
737,220,145.92,74.84,109.42,353.78,0.8490,-1,-1,-1
737,231,315.19,104.80,89.47,297.95,0.8279,-1,-1,-1
737,247,261.41,164.58,42.71,143.30,0.7946,-1,-1,-1
737,248,47.46,188.14,31.19,84.54,0.6170,-1,-1,-1
737,251,237.25,156.68,33.37,135.41,0.3417,-1,-1,-1
737,252,110.77,138.28,52.84,182.93,0.8012,-1,-1,-1
738,186,401.26,-0.61,238.03,477.78,0.9189,-1,-1,-1
738,220,145.05,73.44,109.27,351.77,0.8390,-1,-1,-1
738,231,314.04,107.05,91.17,299.07,0.8234,-1,-1,-1
738,247,259.14,164.15,44.46,144.68,0.7887,-1,-1,-1
738,248,42.62,185.60,32.00,86.25,0.7076,-1,-1,-1
738,251,236.51,155.15,34.12,144.77,0.4674,-1,-1,-1
738,252,105.89,134.58,53.79,189.91,0.7934,-1,-1,-1
739,186,399.76,-0.35,241.02,479.37,0.9141,-1,-1,-1
739,220,143.14,75.00,102.81,355.32,0.8661,-1,-1,-1
739,231,311.21,110.17,92.42,302.34,0.8409,-1,-1,-1
739,247,255.44,163.91,47.84,145.02,0.7621,-1,-1,-1
739,248,35.59,185.06,31.71,88.17,0.6077,-1,-1,-1
739,251,235.54,156.32,32.37,124.36,0.5476,-1,-1,-1
739,252,94.39,132.33,60.12,196.35,0.8093,-1,-1,-1
740,186,397.85,-0.81,245.42,480.73,0.9144,-1,-1,-1
740,220,142.50,80.36,104.22,358.40,0.8775,-1,-1,-1
740,231,311.30,111.04,92.53,303.48,0.8469,-1,-1,-1
740,247,255.15,162.62,52.90,145.68,0.7522,-1,-1,-1
740,248,29.51,183.65,33.83,90.38,0.7123,-1,-1,-1
740,251,236.68,157.00,31.39,132.71,0.4091,-1,-1,-1
740,252,84.11,130.47,66.45,209.76,0.8337,-1,-1,-1
741,186,392.00,-1.19,249.21,480.02,0.8986,-1,-1,-1
741,220,142.83,81.97,102.13,357.93,0.8789,-1,-1,-1
741,231,307.66,106.66,93.55,304.39,0.8238,-1,-1,-1
741,247,254.43,159.52,53.12,145.51,0.7427,-1,-1,-1
741,248,24.78,178.77,34.04,91.77,0.6871,-1,-1,-1
741,251,236.25,153.51,30.78,137.47,0.5041,-1,-1,-1
741,252,75.95,122.93,74.45,217.51,0.8391,-1,-1,-1
742,186,395.69,1.07,242.26,479.66,0.9148,-1,-1,-1
742,220,142.92,86.67,100.36,349.36,0.8837,-1,-1,-1
742,231,307.34,105.99,89.56,296.90,0.8308,-1,-1,-1
742,247,257.55,160.56,48.93,144.22,0.7660,-1,-1,-1
742,248,22.49,177.56,31.35,93.02,0.6921,-1,-1,-1
742,251,235.52,152.65,31.75,138.31,0.5307,-1,-1,-1
742,252,71.40,116.38,76.51,227.02,0.8039,-1,-1,-1
743,186,396.25,2.91,238.43,476.17,0.9028,-1,-1,-1
743,220,140.00,87.20,103.53,345.07,0.8710,-1,-1,-1
743,231,309.04,106.04,83.47,286.67,0.8061,-1,-1,-1
743,247,258.32,161.40,48.01,142.30,0.7626,-1,-1,-1
743,248,16.13,176.30,32.58,92.45,0.6172,-1,-1,-1
743,251,235.94,152.95,31.22,137.77,0.5907,-1,-1,-1
743,252,54.11,108.60,90.62,235.95,0.6873,-1,-1,-1
743,254,0.14,186.06,15.51,70.07,0.4809,-1,-1,-1
744,186,390.57,4.00,235.34,471.09,0.8927,-1,-1,-1
744,220,149.72,86.06,97.31,331.41,0.8639,-1,-1,-1
744,231,307.05,105.88,84.72,286.00,0.8315,-1,-1,-1
744,247,258.71,162.42,50.85,140.01,0.7107,-1,-1,-1
744,248,13.79,174.64,34.25,94.85,0.6039,-1,-1,-1
744,251,238.26,151.36,31.13,140.15,0.5762,-1,-1,-1
744,252,47.78,101.67,93.22,246.92,0.8556,-1,-1,-1
745,186,395.41,0.98,233.51,472.82,0.9241,-1,-1,-1
745,220,153.57,82.13,96.64,324.37,0.8715,-1,-1,-1
745,231,307.04,101.33,91.86,293.69,0.8308,-1,-1,-1
745,247,262.51,160.01,49.39,138.04,0.6853,-1,-1,-1
745,248,8.76,173.41,35.42,119.77,0.3438,-1,-1,-1
745,251,240.64,149.53,31.68,140.79,0.6153,-1,-1,-1
745,252,25.38,96.56,109.36,260.88,0.8609,-1,-1,-1
745,255,122.90,134.11,45.87,174.80,0.7047,-1,-1,-1
746,186,391.14,-0.62,249.15,474.22,0.9070,-1,-1,-1
746,220,157.22,85.44,101.87,325.20,0.8748,-1,-1,-1
746,231,307.48,137.29,97.22,264.41,0.7880,-1,-1,-1
746,247,267.17,160.29,52.48,138.15,0.5444,-1,-1,-1
746,251,245.79,154.55,32.33,134.32,0.5156,-1,-1,-1
746,252,6.07,95.96,120.44,281.12,0.8704,-1,-1,-1
746,255,115.31,133.09,60.14,183.03,0.8577,-1,-1,-1
747,186,389.63,-0.70,250.73,475.19,0.8958,-1,-1,-1
747,220,161.37,84.56,100.27,327.98,0.8695,-1,-1,-1
747,231,309.46,117.26,95.89,288.42,0.8522,-1,-1,-1
747,247,266.81,158.38,54.09,139.00,0.6905,-1,-1,-1
747,251,249.68,153.72,29.57,129.09,0.3073,-1,-1,-1
747,252,-1.88,88.47,118.98,296.45,0.8907,-1,-1,-1
747,255,112.06,127.70,64.26,190.17,0.8143,-1,-1,-1
748,186,390.88,-0.59,250.83,477.92,0.9182,-1,-1,-1
748,220,163.63,87.29,101.93,333.12,0.8671,-1,-1,-1
748,231,313.62,111.37,92.86,297.61,0.8376,-1,-1,-1
748,247,269.57,159.86,53.58,140.44,0.6604,-1,-1,-1
748,251,251.46,154.09,31.40,112.11,0.4520,-1,-1,-1
748,252,-5.54,78.80,105.60,313.95,0.8873,-1,-1,-1
748,255,111.20,124.09,63.59,198.29,0.8248,-1,-1,-1
749,186,394.55,1.83,247.00,479.83,0.9216,-1,-1,-1
749,220,165.77,93.21,102.98,336.62,0.8559,-1,-1,-1
749,231,318.53,111.66,93.06,299.68,0.7947,-1,-1,-1
749,247,273.71,166.31,53.25,139.22,0.6499,-1,-1,-1
749,251,253.10,156.83,36.61,131.63,0.5089,-1,-1,-1
749,252,-4.14,68.96,92.12,330.39,0.8910,-1,-1,-1
749,255,109.01,121.82,65.41,208.19,0.8597,-1,-1,-1
750,186,405.31,0.39,237.19,480.50,0.9138,-1,-1,-1
750,220,172.25,91.53,102.47,331.91,0.8716,-1,-1,-1
750,231,326.57,106.95,89.18,293.25,0.8413,-1,-1,-1
750,247,281.90,164.36,53.19,139.84,0.7167,-1,-1,-1
750,251,259.19,153.44,38.25,137.78,0.6300,-1,-1,-1
750,252,-1.71,50.88,81.87,360.68,0.8683,-1,-1,-1
750,255,108.50,113.33,66.90,216.69,0.8609,-1,-1,-1
751,186,414.65,-0.43,226.17,481.06,0.9109,-1,-1,-1
751,220,179.83,87.02,88.30,327.42,0.8299,-1,-1,-1
751,231,334.93,98.87,86.23,292.04,0.8020,-1,-1,-1
751,247,290.14,159.62,50.88,135.90,0.7352,-1,-1,-1
751,251,264.50,146.86,40.61,142.19,0.7272,-1,-1,-1
751,252,-0.48,33.35,72.99,371.30,0.7760,-1,-1,-1
751,255,104.81,104.11,76.31,222.63,0.8683,-1,-1,-1
752,186,421.15,0.82,220.58,482.14,0.9181,-1,-1,-1
752,220,186.36,85.53,95.59,312.54,0.8927,-1,-1,-1
752,231,339.11,100.34,88.03,295.56,0.8463,-1,-1,-1
752,247,296.80,160.44,51.43,130.20,0.6204,-1,-1,-1
752,251,271.12,146.85,40.45,138.16,0.6895,-1,-1,-1
752,252,-0.35,11.10,76.45,393.21,0.7358,-1,-1,-1
752,255,99.19,98.46,83.51,234.11,0.8732,-1,-1,-1
753,186,416.37,0.08,225.24,480.25,0.9175,-1,-1,-1
753,220,188.50,83.23,98.31,309.25,0.8964,-1,-1,-1
753,231,341.11,100.97,91.86,297.15,0.8253,-1,-1,-1
753,247,303.12,158.70,49.59,126.68,0.4401,-1,-1,-1
753,251,275.21,148.42,40.12,131.95,0.7602,-1,-1,-1
753,252,-1.83,46.70,77.60,356.23,0.4421,-1,-1,-1
753,255,93.18,93.19,89.65,245.51,0.8760,-1,-1,-1
754,186,416.39,-0.59,229.09,481.92,0.9170,-1,-1,-1
754,220,195.03,83.40,100.11,313.47,0.8752,-1,-1,-1
754,231,347.10,103.69,94.60,301.13,0.7776,-1,-1,-1
754,247,317.81,159.59,43.15,112.46,0.4926,-1,-1,-1
754,251,283.30,148.70,40.77,136.75,0.7254,-1,-1,-1
754,255,81.42,89.15,101.97,263.74,0.8934,-1,-1,-1
755,186,424.10,-0.05,220.33,479.41,0.9132,-1,-1,-1
755,220,200.54,85.32,97.19,313.04,0.8680,-1,-1,-1
755,231,348.55,102.64,95.70,299.69,0.8358,-1,-1,-1
755,247,325.87,160.41,37.72,107.73,0.4144,-1,-1,-1
755,251,286.10,150.77,41.61,134.12,0.7343,-1,-1,-1
755,255,72.35,84.82,109.49,273.89,0.9013,-1,-1,-1
755,256,31.45,167.43,40.31,88.80,0.5863,-1,-1,-1
756,186,454.87,-1.24,191.43,481.98,0.9046,-1,-1,-1
756,220,209.35,87.11,93.45,317.35,0.8665,-1,-1,-1
756,231,350.69,98.24,98.82,307.19,0.7098,-1,-1,-1
756,247,331.30,160.40,37.90,110.73,0.3900,-1,-1,-1
756,251,292.81,150.33,38.60,134.84,0.7325,-1,-1,-1
756,255,65.49,77.96,114.13,294.43,0.9019,-1,-1,-1
756,256,38.29,170.07,33.60,87.91,0.5810,-1,-1,-1
756,254,0.20,155.09,28.47,124.25,0.7074,-1,-1,-1
757,186,481.94,-1.99,168.30,484.68,0.8990,-1,-1,-1
757,220,207.36,90.22,101.58,318.81,0.8620,-1,-1,-1
757,231,353.49,95.53,101.06,307.65,0.8005,-1,-1,-1
757,247,332.69,159.94,39.55,113.55,0.3950,-1,-1,-1
757,251,297.12,150.53,39.22,134.16,0.7432,-1,-1,-1
757,255,52.54,70.51,121.31,315.71,0.8918,-1,-1,-1
758,220,215.62,85.30,90.72,321.15,0.8683,-1,-1,-1
758,231,352.15,93.55,96.81,305.43,0.7836,-1,-1,-1
758,247,325.82,159.51,44.58,114.45,0.3655,-1,-1,-1
758,251,300.53,147.26,32.36,133.57,0.5493,-1,-1,-1
758,255,43.63,50.51,117.30,338.00,0.8994,-1,-1,-1
759,220,207.94,88.86,99.18,304.42,0.8737,-1,-1,-1
759,231,351.85,96.13,94.51,299.79,0.7820,-1,-1,-1
759,251,302.89,149.89,32.67,132.88,0.5954,-1,-1,-1
759,255,26.07,40.65,126.63,351.99,0.9100,-1,-1,-1
759,260,191.86,162.80,31.88,116.81,0.4161,-1,-1,-1
759,186,482.02,5.17,158.08,482.28,0.4444,-1,-1,-1
760,220,202.89,85.09,104.71,296.46,0.8690,-1,-1,-1
760,231,348.55,93.02,96.20,299.50,0.8157,-1,-1,-1
760,251,304.03,145.95,31.43,130.54,0.5633,-1,-1,-1
760,255,7.79,27.43,133.56,366.54,0.9174,-1,-1,-1
760,260,183.98,162.09,41.19,118.30,0.5224,-1,-1,-1
760,186,487.96,3.39,147.15,476.53,0.5803,-1,-1,-1
760,249,133.63,180.73,22.40,67.33,0.6069,-1,-1,-1
761,220,205.87,84.29,104.08,294.08,0.8702,-1,-1,-1
761,231,348.42,96.13,94.69,298.99,0.8525,-1,-1,-1
761,251,306.96,151.64,30.88,122.12,0.5042,-1,-1,-1
761,255,3.26,14.02,120.45,382.99,0.9314,-1,-1,-1
761,260,180.94,161.03,40.35,120.57,0.5932,-1,-1,-1
761,186,497.43,3.08,134.56,472.20,0.8353,-1,-1,-1
761,249,132.10,179.67,23.61,67.31,0.6497,-1,-1,-1
762,220,190.18,81.22,125.25,297.90,0.8691,-1,-1,-1
762,231,350.97,93.69,95.68,301.80,0.8558,-1,-1,-1
762,251,309.78,146.95,28.60,122.86,0.6123,-1,-1,-1
762,255,-0.84,3.06,111.02,397.45,0.9147,-1,-1,-1
762,260,177.28,156.27,41.21,121.46,0.6102,-1,-1,-1
762,186,491.95,-0.29,144.44,473.57,0.8897,-1,-1,-1
762,249,130.92,176.14,25.30,68.55,0.6015,-1,-1,-1
762,261,108.31,175.25,20.22,72.55,0.4099,-1,-1,-1
763,220,188.01,75.40,128.04,301.14,0.8897,-1,-1,-1
763,231,351.10,84.15,95.53,301.07,0.8545,-1,-1,-1
763,251,307.97,136.27,29.66,119.80,0.5861,-1,-1,-1
763,255,-3.38,12.17,93.75,388.36,0.8858,-1,-1,-1
763,260,168.85,144.25,39.77,125.11,0.6870,-1,-1,-1
763,186,470.29,-3.31,166.83,474.34,0.8769,-1,-1,-1
763,249,126.40,166.43,25.52,70.62,0.6715,-1,-1,-1
763,262,81.55,160.59,39.98,83.28,0.7076,-1,-1,-1
763,256,53.12,150.40,34.47,94.72,0.5823,-1,-1,-1
764,220,198.21,83.28,121.18,304.51,0.8786,-1,-1,-1
764,231,354.66,89.34,94.60,297.18,0.8285,-1,-1,-1
764,251,308.35,140.18,32.21,120.72,0.6086,-1,-1,-1
764,255,-5.42,22.14,76.30,393.48,0.7995,-1,-1,-1
764,260,161.51,149.72,41.06,125.75,0.7258,-1,-1,-1
764,186,459.15,-0.69,182.13,458.88,0.7884,-1,-1,-1
764,249,123.69,171.83,25.95,71.33,0.6330,-1,-1,-1
764,262,82.49,164.63,39.32,85.96,0.6895,-1,-1,-1
764,256,52.90,158.42,39.80,93.28,0.4989,-1,-1,-1
765,220,210.63,89.70,113.83,300.39,0.8756,-1,-1,-1
765,231,358.31,93.23,96.60,291.68,0.8495,-1,-1,-1
765,251,310.69,145.33,34.65,118.93,0.6781,-1,-1,-1
765,260,151.21,155.81,49.36,125.65,0.7887,-1,-1,-1
765,186,455.54,1.82,187.26,468.49,0.8616,-1,-1,-1
765,249,125.85,177.41,25.25,72.14,0.6320,-1,-1,-1
765,262,92.46,169.82,32.84,85.63,0.6545,-1,-1,-1
765,256,60.59,163.62,41.70,94.87,0.6541,-1,-1,-1
765,263,198.93,156.29,32.48,114.74,0.6044,-1,-1,-1
766,220,219.44,88.33,103.44,301.69,0.8897,-1,-1,-1
766,231,359.21,92.53,95.21,291.68,0.7676,-1,-1,-1
766,251,310.40,147.09,31.98,119.65,0.6250,-1,-1,-1
766,260,141.38,155.47,53.69,127.73,0.8329,-1,-1,-1
766,186,454.30,1.03,187.21,475.14,0.8785,-1,-1,-1
766,249,123.01,176.29,24.42,73.73,0.6199,-1,-1,-1
766,262,94.79,167.33,28.99,89.00,0.6897,-1,-1,-1
766,256,62.10,164.80,40.63,94.55,0.6267,-1,-1,-1
766,263,198.00,156.41,33.87,118.51,0.6893,-1,-1,-1
767,220,225.65,81.77,92.45,295.01,0.8882,-1,-1,-1
767,231,356.00,91.03,95.65,296.24,0.7946,-1,-1,-1
767,251,310.33,146.50,32.65,119.44,0.4052,-1,-1,-1
767,260,129.11,153.07,57.23,128.26,0.8246,-1,-1,-1
767,186,455.60,0.44,183.49,479.59,0.9012,-1,-1,-1
767,262,92.34,163.09,25.74,90.81,0.4919,-1,-1,-1
767,256,58.70,159.91,37.27,96.64,0.6079,-1,-1,-1
767,263,189.60,151.66,39.44,124.36,0.8009,-1,-1,-1
768,220,226.15,82.63,89.79,291.31,0.8781,-1,-1,-1
768,231,352.64,94.22,96.51,301.35,0.7889,-1,-1,-1
768,260,120.34,156.46,58.16,127.79,0.8013,-1,-1,-1
768,186,455.52,1.80,183.16,480.63,0.8853,-1,-1,-1
768,262,91.11,164.48,32.09,92.36,0.4582,-1,-1,-1
768,256,53.72,161.33,36.41,98.32,0.6304,-1,-1,-1
768,263,184.96,154.45,41.80,127.17,0.8359,-1,-1,-1
769,220,227.41,83.41,87.62,294.21,0.8834,-1,-1,-1
769,231,352.85,97.35,94.02,305.03,0.7860,-1,-1,-1
769,260,115.14,154.76,50.56,130.82,0.7337,-1,-1,-1
769,186,461.53,2.20,177.95,482.24,0.8713,-1,-1,-1
769,262,89.18,165.20,30.28,93.34,0.4928,-1,-1,-1
769,256,54.34,160.26,32.57,100.43,0.6622,-1,-1,-1
769,263,182.85,154.41,44.42,130.76,0.8511,-1,-1,-1
770,220,227.14,83.08,91.59,296.33,0.8878,-1,-1,-1
770,231,351.98,93.75,96.24,306.14,0.7881,-1,-1,-1
770,260,110.51,152.73,45.67,130.90,0.5490,-1,-1,-1
770,186,471.76,-0.91,170.76,481.17,0.8335,-1,-1,-1
770,262,88.53,163.81,27.19,94.29,0.4093,-1,-1,-1
770,256,54.16,159.78,34.94,101.10,0.6276,-1,-1,-1
770,263,180.46,152.33,47.74,133.26,0.8408,-1,-1,-1
771,220,221.32,86.98,94.26,300.56,0.8731,-1,-1,-1
771,231,347.94,92.22,94.03,305.35,0.8294,-1,-1,-1
771,260,99.03,152.62,41.34,134.28,0.5528,-1,-1,-1
771,186,492.08,-2.26,151.64,479.52,0.8518,-1,-1,-1
771,262,80.68,162.33,31.09,98.13,0.4974,-1,-1,-1
771,256,47.37,160.12,36.88,103.55,0.6868,-1,-1,-1
771,263,168.71,150.31,51.94,139.68,0.8298,-1,-1,-1
772,220,213.77,87.65,99.41,299.08,0.8952,-1,-1,-1
772,231,344.47,90.64,92.28,298.65,0.8171,-1,-1,-1
772,260,84.13,150.83,47.73,134.87,0.7168,-1,-1,-1
772,186,494.09,-3.61,148.77,478.74,0.8111,-1,-1,-1
772,256,44.83,156.63,38.08,104.76,0.6339,-1,-1,-1
772,263,162.58,145.29,53.82,142.44,0.8314,-1,-1,-1
773,220,212.09,87.61,99.35,296.93,0.8925,-1,-1,-1
773,231,339.76,86.73,95.64,295.33,0.8604,-1,-1,-1
773,260,71.76,149.85,48.33,134.96,0.7890,-1,-1,-1
773,186,495.09,-3.86,147.85,479.61,0.7822,-1,-1,-1
773,256,41.66,154.56,38.81,104.70,0.6626,-1,-1,-1
773,263,150.74,140.18,60.53,147.73,0.8454,-1,-1,-1
774,220,217.21,87.80,96.09,290.06,0.8911,-1,-1,-1
774,231,336.99,87.13,97.01,295.14,0.8504,-1,-1,-1
774,260,65.02,150.05,49.63,135.47,0.6661,-1,-1,-1
774,186,496.08,1.32,146.22,475.77,0.8451,-1,-1,-1
774,256,43.92,157.08,38.91,97.60,0.4199,-1,-1,-1
774,263,151.24,137.29,56.55,153.75,0.8336,-1,-1,-1
775,220,216.37,88.03,98.10,280.33,0.8734,-1,-1,-1
775,231,336.99,88.28,95.12,297.91,0.7957,-1,-1,-1
775,260,63.27,152.65,44.91,134.07,0.4781,-1,-1,-1
775,186,525.54,0.80,114.68,460.63,0.3756,-1,-1,-1
775,256,44.43,155.80,39.35,106.05,0.4440,-1,-1,-1
775,263,150.77,137.62,54.37,158.62,0.8539,-1,-1,-1
776,220,213.48,89.60,101.48,277.91,0.8759,-1,-1,-1
776,231,336.94,93.55,92.89,299.46,0.8507,-1,-1,-1
776,260,47.80,153.25,49.82,134.93,0.6142,-1,-1,-1
776,186,503.96,2.23,134.25,470.60,0.8021,-1,-1,-1
776,256,44.97,154.24,47.78,125.24,0.6142,-1,-1,-1
776,263,145.67,139.46,54.91,161.27,0.8230,-1,-1,-1
776,265,422.41,22.56,157.76,421.76,0.7639,-1,-1,-1
776,266,89.20,170.08,35.33,94.02,0.6757,-1,-1,-1
777,220,210.12,91.84,105.01,277.08,0.8754,-1,-1,-1
777,231,335.87,95.82,90.89,299.29,0.8432,-1,-1,-1
777,260,39.43,151.72,51.23,137.11,0.5961,-1,-1,-1
777,186,496.68,2.42,139.20,473.49,0.7787,-1,-1,-1
777,256,42.31,152.09,50.55,134.07,0.5961,-1,-1,-1
777,263,142.20,138.57,54.69,165.47,0.8225,-1,-1,-1
777,265,405.61,30.87,165.76,409.59,0.7582,-1,-1,-1
777,266,92.46,170.28,31.94,93.96,0.6623,-1,-1,-1
778,220,209.96,97.65,109.42,276.67,0.8375,-1,-1,-1
778,231,339.57,97.75,87.04,296.59,0.8534,-1,-1,-1
778,260,31.13,153.04,57.27,137.37,0.7983,-1,-1,-1
778,186,507.53,3.47,126.10,469.75,0.7306,-1,-1,-1
778,263,136.43,136.71,59.89,171.32,0.8301,-1,-1,-1
778,265,404.90,29.31,157.45,417.75,0.8357,-1,-1,-1
778,266,93.75,166.33,37.92,99.56,0.6739,-1,-1,-1
779,220,227.18,105.88,98.55,273.56,0.8142,-1,-1,-1
779,231,346.19,99.83,86.38,273.34,0.6228,-1,-1,-1
779,260,27.98,157.27,58.09,136.39,0.8344,-1,-1,-1
779,186,506.35,7.50,127.52,466.24,0.7734,-1,-1,-1
779,263,139.08,135.64,59.36,177.25,0.8356,-1,-1,-1
779,265,411.54,28.43,148.00,440.14,0.8538,-1,-1,-1
779,266,104.92,168.03,32.67,101.42,0.7602,-1,-1,-1
779,267,209.51,141.38,46.63,177.38,0.7213,-1,-1,-1
779,256,71.62,160.84,32.99,113.61,0.6230,-1,-1,-1
780,220,234.13,108.22,94.39,269.57,0.8387,-1,-1,-1
780,231,348.78,97.65,85.40,278.00,0.5688,-1,-1,-1
780,260,22.66,157.41,60.77,137.11,0.7970,-1,-1,-1
780,186,495.91,4.82,138.26,468.81,0.8530,-1,-1,-1
780,263,134.72,132.29,64.67,181.87,0.8558,-1,-1,-1
780,265,415.77,23.20,127.07,447.89,0.7414,-1,-1,-1
780,266,108.88,166.84,31.67,104.20,0.7846,-1,-1,-1
780,267,211.92,137.55,46.76,184.15,0.7475,-1,-1,-1
780,256,75.03,161.31,29.91,110.95,0.6269,-1,-1,-1
781,220,237.70,105.30,92.69,263.46,0.8506,-1,-1,-1
781,231,350.54,96.29,79.77,217.93,0.3999,-1,-1,-1
781,260,20.64,154.57,60.02,138.27,0.7575,-1,-1,-1
781,186,472.65,3.91,158.95,466.18,0.8815,-1,-1,-1
781,263,130.26,127.36,67.84,190.39,0.8483,-1,-1,-1
781,265,393.91,18.35,131.51,450.14,0.7426,-1,-1,-1
781,266,111.68,164.54,26.55,103.64,0.6567,-1,-1,-1
781,267,211.11,130.89,47.60,195.04,0.7598,-1,-1,-1
781,256,73.95,160.16,38.35,110.43,0.6690,-1,-1,-1
782,220,242.51,104.30,89.10,262.02,0.8662,-1,-1,-1
782,260,14.19,152.72,58.50,142.14,0.8251,-1,-1,-1
782,186,456.87,3.40,177.34,471.51,0.8590,-1,-1,-1
782,263,119.34,125.88,76.13,197.68,0.8544,-1,-1,-1
782,265,391.29,22.82,115.28,443.76,0.6725,-1,-1,-1
782,266,111.22,166.56,23.76,102.86,0.3540,-1,-1,-1
782,267,203.34,126.38,55.98,205.13,0.8035,-1,-1,-1
782,256,73.79,160.32,42.89,111.84,0.7204,-1,-1,-1
783,220,249.07,104.57,84.38,256.65,0.8780,-1,-1,-1
783,260,9.34,152.99,55.21,144.16,0.7800,-1,-1,-1
783,186,451.13,1.28,187.51,473.57,0.7669,-1,-1,-1
783,263,112.35,125.74,82.16,206.28,0.8766,-1,-1,-1
783,265,389.14,25.49,113.94,444.99,0.6799,-1,-1,-1
783,267,199.98,122.57,60.66,212.15,0.8241,-1,-1,-1
783,256,75.66,162.33,45.20,112.46,0.7132,-1,-1,-1
783,231,347.53,132.10,80.09,279.00,0.4370,-1,-1,-1
784,220,255.32,107.58,79.21,255.55,0.8734,-1,-1,-1
784,260,6.40,154.00,51.33,147.23,0.7225,-1,-1,-1
784,186,452.92,1.58,186.43,475.98,0.8213,-1,-1,-1
784,263,107.48,124.55,80.88,216.23,0.8514,-1,-1,-1
784,265,364.53,29.88,125.87,429.90,0.7996,-1,-1,-1
784,267,195.22,120.78,66.17,219.94,0.8474,-1,-1,-1
784,256,77.36,161.02,41.51,116.92,0.6716,-1,-1,-1
785,220,256.15,109.23,73.14,257.57,0.8594,-1,-1,-1
785,260,-1.39,155.04,42.98,147.49,0.6694,-1,-1,-1
785,186,459.88,1.32,179.32,456.21,0.6834,-1,-1,-1
785,263,93.74,118.32,84.84,228.95,0.8836,-1,-1,-1
785,265,355.07,31.20,131.16,443.76,0.8155,-1,-1,-1
785,267,183.75,115.98,74.87,231.01,0.8657,-1,-1,-1
786,220,253.53,115.02,71.65,253.55,0.8585,-1,-1,-1
786,260,-3.71,152.85,28.24,148.81,0.5806,-1,-1,-1
786,186,475.12,1.03,163.35,454.08,0.6983,-1,-1,-1
786,263,72.05,110.31,93.55,239.75,0.8669,-1,-1,-1
786,265,348.61,33.11,130.33,434.04,0.5779,-1,-1,-1
786,267,167.53,112.78,80.97,243.05,0.8595,-1,-1,-1
787,220,254.82,119.00,69.60,250.65,0.8670,-1,-1,-1
787,186,490.33,0.33,149.87,472.81,0.6920,-1,-1,-1
787,263,57.59,105.27,99.18,248.89,0.8493,-1,-1,-1
787,265,342.64,33.10,150.93,428.88,0.7760,-1,-1,-1
787,267,155.77,110.94,88.61,251.94,0.8752,-1,-1,-1
787,269,9.91,169.05,30.91,104.56,0.3968,-1,-1,-1
788,220,253.48,119.18,70.82,251.14,0.8296,-1,-1,-1
788,186,500.48,-0.77,140.39,480.36,0.7230,-1,-1,-1
788,263,40.67,99.22,105.98,265.20,0.8611,-1,-1,-1
788,265,335.08,32.42,176.95,435.01,0.8444,-1,-1,-1
788,267,141.64,105.55,95.37,270.79,0.8488,-1,-1,-1
788,269,0.51,167.84,36.36,107.86,0.4604,-1,-1,-1
788,271,457.34,26.92,77.92,424.03,0.5080,-1,-1,-1
789,220,249.44,118.68,72.25,244.84,0.8372,-1,-1,-1
789,186,501.40,-0.93,140.66,482.37,0.8182,-1,-1,-1
789,263,17.75,97.29,115.66,278.99,0.8860,-1,-1,-1
789,265,324.27,40.02,144.16,438.38,0.6937,-1,-1,-1
789,267,127.73,100.95,95.45,288.86,0.8426,-1,-1,-1
789,271,438.31,28.30,100.06,429.51,0.7556,-1,-1,-1
790,220,242.11,121.96,78.33,237.78,0.8173,-1,-1,-1
790,186,498.87,-0.84,144.80,455.78,0.7144,-1,-1,-1
790,263,-0.11,97.92,117.70,297.48,0.8844,-1,-1,-1
790,265,315.23,45.63,166.20,438.35,0.8287,-1,-1,-1
790,267,116.39,96.56,92.79,306.61,0.8757,-1,-1,-1
790,271,431.56,35.80,107.67,428.33,0.7757,-1,-1,-1
791,220,234.79,123.65,82.47,231.57,0.8097,-1,-1,-1
791,186,493.85,-0.94,148.93,473.35,0.8337,-1,-1,-1
791,263,-6.48,91.62,116.35,320.43,0.8881,-1,-1,-1
791,265,309.03,52.47,156.51,431.06,0.8423,-1,-1,-1
791,267,103.91,87.70,93.77,321.04,0.8661,-1,-1,-1
791,271,428.77,42.29,107.92,428.60,0.7950,-1,-1,-1
792,220,228.47,128.79,84.40,238.08,0.7870,-1,-1,-1
792,186,494.34,1.76,148.49,477.14,0.7421,-1,-1,-1
792,263,-8.67,83.40,100.71,340.75,0.8759,-1,-1,-1
792,265,305.43,59.20,155.44,424.43,0.7619,-1,-1,-1
792,267,81.87,81.05,103.86,340.05,0.8885,-1,-1,-1
792,271,419.99,49.28,115.09,425.82,0.8233,-1,-1,-1
792,274,193.00,194.38,29.02,88.98,0.6554,-1,-1,-1
793,220,220.37,128.07,89.97,243.14,0.7209,-1,-1,-1
793,186,504.49,-2.10,140.92,483.36,0.8545,-1,-1,-1
793,263,-9.54,65.82,84.69,362.21,0.8356,-1,-1,-1
793,265,300.18,57.22,179.22,407.66,0.6981,-1,-1,-1
793,267,33.76,67.91,137.84,371.72,0.8861,-1,-1,-1
793,271,415.90,44.02,122.02,407.30,0.8426,-1,-1,-1
793,274,185.94,192.31,29.58,88.49,0.4389,-1,-1,-1
794,220,218.57,122.55,86.01,239.25,0.7994,-1,-1,-1
794,186,516.81,-3.10,126.28,484.30,0.8624,-1,-1,-1
794,263,-6.48,62.33,63.73,363.78,0.7249,-1,-1,-1
794,265,295.59,50.23,148.67,395.19,0.6651,-1,-1,-1
794,267,5.60,48.44,150.04,396.64,0.8853,-1,-1,-1
794,271,407.51,32.76,131.60,409.82,0.8679,-1,-1,-1
794,274,180.35,180.32,31.19,91.50,0.5679,-1,-1,-1
794,275,146.22,170.76,29.44,95.87,0.4544,-1,-1,-1
795,220,217.70,125.79,79.53,222.21,0.7973,-1,-1,-1
795,186,519.88,2.33,120.92,483.87,0.7903,-1,-1,-1
795,265,292.74,57.60,136.00,394.46,0.8345,-1,-1,-1
795,267,-6.28,32.04,134.81,439.76,0.8590,-1,-1,-1
795,271,402.40,34.61,131.71,407.55,0.8396,-1,-1,-1
795,274,171.72,180.80,41.70,94.16,0.6751,-1,-1,-1
795,275,129.74,171.91,32.13,99.26,0.7748,-1,-1,-1
796,220,218.97,130.21,78.44,218.73,0.8279,-1,-1,-1
796,186,525.60,4.76,113.46,477.55,0.7078,-1,-1,-1
796,265,291.78,67.03,160.55,388.21,0.6589,-1,-1,-1
796,267,-4.99,21.59,118.40,449.54,0.6842,-1,-1,-1
796,271,405.39,41.29,126.45,403.61,0.8704,-1,-1,-1
796,274,172.53,184.49,42.25,95.04,0.3711,-1,-1,-1
796,275,123.65,176.34,37.26,99.32,0.7288,-1,-1,-1
797,220,224.35,122.04,69.61,220.13,0.8223,-1,-1,-1
797,186,537.31,1.53,98.93,473.26,0.7933,-1,-1,-1
797,265,285.27,64.41,137.46,391.67,0.6521,-1,-1,-1
797,267,-4.08,0.58,92.46,450.43,0.4557,-1,-1,-1
797,271,400.86,37.57,125.35,404.38,0.8409,-1,-1,-1
797,274,169.53,179.93,31.42,96.13,0.6544,-1,-1,-1
797,275,112.86,170.39,43.73,100.25,0.7061,-1,-1,-1
798,220,229.25,121.89,64.97,221.16,0.8258,-1,-1,-1
798,186,518.50,5.73,117.28,465.63,0.8714,-1,-1,-1
798,265,281.34,67.20,134.21,390.63,0.5834,-1,-1,-1
798,267,-0.13,4.17,65.78,358.06,0.5529,-1,-1,-1
798,271,401.90,39.43,121.96,405.44,0.8138,-1,-1,-1
798,274,167.56,180.51,30.90,96.55,0.5259,-1,-1,-1
798,275,111.52,171.29,45.56,101.73,0.7269,-1,-1,-1
798,276,71.21,160.33,32.64,120.25,0.7028,-1,-1,-1
799,220,230.00,122.54,63.42,220.78,0.7990,-1,-1,-1
799,186,489.47,2.96,146.74,464.39,0.8824,-1,-1,-1
799,265,279.60,66.38,135.86,390.86,0.5653,-1,-1,-1
799,271,385.18,39.54,136.55,376.11,0.7046,-1,-1,-1
799,274,165.31,179.55,35.23,98.58,0.5618,-1,-1,-1
799,275,107.96,170.39,48.08,104.52,0.7088,-1,-1,-1
799,276,69.21,159.49,34.56,122.26,0.7396,-1,-1,-1
800,220,227.32,121.87,61.52,217.37,0.8194,-1,-1,-1
800,186,462.15,0.33,173.33,464.00,0.8551,-1,-1,-1
800,265,273.04,58.50,166.94,367.34,0.8002,-1,-1,-1
800,271,391.75,32.74,122.19,376.34,0.8385,-1,-1,-1
800,274,159.09,174.00,41.35,101.20,0.7338,-1,-1,-1
800,275,99.81,164.42,49.63,107.34,0.7176,-1,-1,-1
800,276,63.27,155.22,36.05,123.32,0.7689,-1,-1,-1
800,278,207.85,181.56,25.46,80.01,0.6075,-1,-1,-1
800,279,25.95,147.42,43.04,99.08,0.4871,-1,-1,-1
801,220,227.94,128.84,58.31,220.63,0.8157,-1,-1,-1
801,186,448.96,2.49,189.88,468.46,0.5281,-1,-1,-1
801,265,272.34,58.95,183.75,375.72,0.7666,-1,-1,-1
801,271,396.20,34.02,113.55,394.36,0.7888,-1,-1,-1
801,274,156.51,178.06,40.47,102.55,0.6909,-1,-1,-1
801,275,95.45,167.43,38.58,110.09,0.6878,-1,-1,-1
801,276,59.15,159.36,35.55,124.85,0.7564,-1,-1,-1
801,278,202.92,187.17,29.92,79.20,0.3896,-1,-1,-1
801,279,22.91,150.15,36.82,95.52,0.4150,-1,-1,-1
802,220,230.35,131.70,57.20,215.32,0.7730,-1,-1,-1
802,186,450.04,2.63,192.24,468.26,0.6798,-1,-1,-1
802,265,273.03,58.35,152.59,374.70,0.6433,-1,-1,-1
802,271,398.60,32.41,110.31,398.13,0.7722,-1,-1,-1
802,274,156.57,177.73,44.77,106.14,0.6891,-1,-1,-1
802,275,90.87,166.01,33.88,114.53,0.6542,-1,-1,-1
802,276,58.10,160.03,35.83,125.81,0.7427,-1,-1,-1
802,278,201.66,187.63,31.50,82.24,0.6408,-1,-1,-1
802,279,22.29,154.38,31.07,91.88,0.5382,-1,-1,-1
803,220,233.26,132.92,52.30,198.63,0.8261,-1,-1,-1
803,186,456.67,3.88,185.84,473.80,0.6630,-1,-1,-1
803,265,275.41,59.81,132.00,380.33,0.5338,-1,-1,-1
803,271,399.81,34.23,108.08,400.62,0.7495,-1,-1,-1
803,274,157.17,179.37,41.39,108.47,0.6215,-1,-1,-1
803,275,89.18,166.67,30.21,113.41,0.5836,-1,-1,-1
803,276,57.52,160.11,37.47,128.39,0.7008,-1,-1,-1
803,278,200.82,189.44,31.71,83.34,0.7220,-1,-1,-1
803,279,20.61,151.18,40.31,97.14,0.2963,-1,-1,-1
804,220,236.84,134.41,56.09,201.77,0.7565,-1,-1,-1
804,186,474.07,3.67,171.98,479.88,0.7691,-1,-1,-1
804,265,282.62,62.61,176.13,388.16,0.8300,-1,-1,-1
804,271,411.35,34.11,121.95,410.57,0.7165,-1,-1,-1
804,274,161.44,182.07,37.32,110.82,0.5422,-1,-1,-1
804,275,91.15,167.66,28.80,117.12,0.4926,-1,-1,-1
804,276,60.78,161.57,38.03,130.49,0.7036,-1,-1,-1
804,278,205.22,190.72,29.68,85.45,0.5799,-1,-1,-1
804,279,23.78,149.13,41.73,115.52,0.4968,-1,-1,-1
805,220,240.79,130.16,60.14,205.10,0.7941,-1,-1,-1
805,186,492.02,0.41,155.15,455.33,0.6383,-1,-1,-1
805,265,290.82,58.67,194.75,402.36,0.7458,-1,-1,-1
805,271,421.99,31.57,116.71,423.69,0.8363,-1,-1,-1
805,274,163.93,177.60,35.04,113.70,0.5983,-1,-1,-1
805,276,65.10,156.60,49.13,131.80,0.4996,-1,-1,-1
805,278,208.53,185.84,30.78,87.75,0.7204,-1,-1,-1
805,279,26.81,142.51,40.46,130.74,0.4513,-1,-1,-1
806,220,243.56,130.87,68.10,206.90,0.8300,-1,-1,-1
806,186,512.74,0.73,135.26,332.60,0.5465,-1,-1,-1
806,265,298.33,61.27,211.30,410.42,0.7816,-1,-1,-1
806,271,430.44,34.29,122.86,431.23,0.8649,-1,-1,-1
806,274,167.85,177.32,37.18,116.16,0.4664,-1,-1,-1
806,276,68.64,158.42,53.40,132.71,0.7621,-1,-1,-1
806,278,213.96,186.30,29.96,89.63,0.7030,-1,-1,-1
806,279,27.20,144.07,48.23,148.18,0.6764,-1,-1,-1
807,220,246.42,131.43,75.68,203.58,0.8392,-1,-1,-1
807,186,536.57,22.45,112.21,279.63,0.5792,-1,-1,-1
807,265,307.81,58.74,220.97,414.33,0.6314,-1,-1,-1
807,271,441.05,36.01,128.57,431.71,0.7887,-1,-1,-1
807,274,171.91,175.94,42.63,119.47,0.7469,-1,-1,-1
807,276,72.41,157.51,54.37,133.99,0.7757,-1,-1,-1
807,278,217.96,186.92,29.98,90.16,0.6867,-1,-1,-1
807,279,29.49,143.55,50.22,154.98,0.6950,-1,-1,-1
808,220,253.12,130.98,76.54,196.46,0.8165,-1,-1,-1
808,186,562.84,73.66,82.88,210.81,0.8135,-1,-1,-1
808,265,319.63,53.75,220.79,413.11,0.8345,-1,-1,-1
808,271,450.52,33.92,132.16,428.27,0.8551,-1,-1,-1
808,274,176.50,172.06,47.04,121.25,0.7062,-1,-1,-1
808,276,76.89,154.69,52.11,133.93,0.7695,-1,-1,-1
808,278,222.01,184.22,28.69,91.53,0.7183,-1,-1,-1
808,279,38.01,140.44,45.42,158.62,0.6280,-1,-1,-1
809,220,264.18,135.93,78.10,196.88,0.8218,-1,-1,-1
809,265,333.95,51.57,227.32,400.56,0.5774,-1,-1,-1
809,271,466.37,32.21,142.86,423.47,0.8561,-1,-1,-1
809,274,185.78,173.56,50.48,123.95,0.8301,-1,-1,-1
809,276,88.80,158.26,44.33,132.46,0.7443,-1,-1,-1
809,278,232.71,186.59,29.38,91.77,0.7442,-1,-1,-1
809,279,53.03,144.42,40.97,155.80,0.6197,-1,-1,-1
810,220,275.33,138.62,73.82,199.64,0.8347,-1,-1,-1
810,265,341.63,50.59,186.58,396.23,0.6038,-1,-1,-1
810,271,472.47,31.16,150.32,415.95,0.8274,-1,-1,-1
810,274,190.97,174.68,52.24,126.31,0.7030,-1,-1,-1
810,276,96.61,158.81,39.28,135.26,0.7163,-1,-1,-1
810,278,238.57,188.25,29.13,92.00,0.7074,-1,-1,-1
810,279,63.10,145.89,39.85,158.48,0.7106,-1,-1,-1
811,220,284.51,133.46,69.58,209.77,0.8327,-1,-1,-1
811,265,354.85,44.09,139.62,403.72,0.6247,-1,-1,-1
811,271,484.73,23.72,149.48,424.43,0.8636,-1,-1,-1
811,274,190.81,170.86,53.81,129.53,0.7867,-1,-1,-1
811,276,99.33,153.18,38.76,138.83,0.5747,-1,-1,-1
811,278,241.78,183.86,30.04,93.54,0.7311,-1,-1,-1
811,279,66.06,145.02,41.75,156.14,0.4997,-1,-1,-1
811,280,268.96,192.11,20.90,84.64,0.7298,-1,-1,-1
812,220,292.44,131.69,65.75,209.43,0.8550,-1,-1,-1
812,265,368.86,43.23,137.03,414.47,0.5674,-1,-1,-1
812,271,491.23,24.96,148.76,431.79,0.8059,-1,-1,-1
812,274,191.40,171.10,54.86,132.83,0.8084,-1,-1,-1
812,276,101.56,150.83,39.01,142.61,0.7204,-1,-1,-1
812,278,243.16,181.93,31.79,96.89,0.6973,-1,-1,-1
812,279,68.60,145.06,40.80,158.87,0.6795,-1,-1,-1
812,280,270.94,192.22,23.48,86.61,0.6399,-1,-1,-1
813,220,297.82,131.60,62.04,210.25,0.8461,-1,-1,-1
813,265,375.85,41.46,136.83,426.29,0.8385,-1,-1,-1
813,271,502.32,28.73,140.00,438.92,0.8331,-1,-1,-1
813,274,188.77,169.68,57.48,136.55,0.8112,-1,-1,-1
813,276,101.61,151.93,40.95,143.74,0.6552,-1,-1,-1
813,278,241.76,180.75,34.49,100.72,0.6363,-1,-1,-1
813,279,57.72,145.20,49.84,157.75,0.6669,-1,-1,-1
813,280,266.71,195.08,28.75,86.56,0.6112,-1,-1,-1
814,220,301.93,130.12,62.72,210.24,0.8486,-1,-1,-1
814,265,370.19,35.89,150.85,439.53,0.5977,-1,-1,-1
814,271,509.40,29.21,133.96,441.64,0.8383,-1,-1,-1
814,274,186.96,164.19,59.84,141.42,0.8208,-1,-1,-1
814,276,102.86,149.36,39.41,145.44,0.7003,-1,-1,-1
814,278,239.16,177.40,38.07,103.79,0.7299,-1,-1,-1
814,279,51.89,140.29,55.86,161.40,0.7062,-1,-1,-1
814,280,268.18,194.70,28.63,86.08,0.6238,-1,-1,-1
815,220,305.94,133.96,62.55,210.68,0.8165,-1,-1,-1
815,265,375.74,29.39,197.68,450.57,0.6108,-1,-1,-1
815,271,515.54,31.18,127.36,442.10,0.8574,-1,-1,-1
815,274,184.64,163.35,61.91,145.37,0.7415,-1,-1,-1
815,276,101.75,149.39,41.07,148.82,0.6529,-1,-1,-1
815,278,239.82,179.12,37.00,105.34,0.6979,-1,-1,-1
815,279,50.10,142.44,56.70,162.77,0.6794,-1,-1,-1
815,280,269.57,195.33,27.91,88.26,0.6751,-1,-1,-1
816,220,310.54,134.98,58.85,210.19,0.7723,-1,-1,-1
816,265,381.00,24.99,161.57,453.64,0.6105,-1,-1,-1
816,271,519.37,27.32,123.27,431.40,0.8741,-1,-1,-1
816,274,178.44,159.59,65.05,149.43,0.7006,-1,-1,-1
816,276,100.08,148.51,41.65,148.44,0.6948,-1,-1,-1
816,278,237.70,175.46,36.69,108.96,0.7413,-1,-1,-1
816,279,55.67,139.53,50.69,162.33,0.5149,-1,-1,-1
816,280,269.16,192.19,27.02,90.27,0.6536,-1,-1,-1
817,220,312.85,134.30,59.91,210.34,0.8088,-1,-1,-1
817,265,382.52,10.52,165.85,457.17,0.7703,-1,-1,-1
817,271,522.29,22.79,119.96,432.74,0.8914,-1,-1,-1
817,274,170.69,156.70,68.89,153.93,0.7469,-1,-1,-1
817,276,97.73,147.12,40.42,148.97,0.7003,-1,-1,-1
817,278,235.49,173.06,36.43,110.40,0.6601,-1,-1,-1
817,279,57.19,136.33,48.53,167.95,0.4928,-1,-1,-1
817,280,268.15,191.49,25.15,88.61,0.6615,-1,-1,-1
817,256,30.08,145.45,37.63,155.11,0.4423,-1,-1,-1
818,220,317.31,132.79,61.23,210.48,0.8177,-1,-1,-1
818,265,387.10,7.51,155.97,459.33,0.7861,-1,-1,-1
818,271,527.89,14.09,115.21,439.86,0.8185,-1,-1,-1
818,274,170.70,156.46,68.19,160.17,0.7518,-1,-1,-1
818,276,96.11,146.18,40.00,151.12,0.7058,-1,-1,-1
818,278,232.10,169.81,38.35,114.59,0.7655,-1,-1,-1
818,279,56.17,134.40,49.52,172.55,0.3471,-1,-1,-1
818,280,266.91,188.46,26.74,93.89,0.6999,-1,-1,-1
818,281,288.76,178.17,28.86,91.66,0.7278,-1,-1,-1
818,256,17.24,138.28,50.85,165.60,0.6359,-1,-1,-1
819,220,319.02,131.36,61.56,207.13,0.8327,-1,-1,-1
819,265,401.60,6.90,143.86,461.41,0.8688,-1,-1,-1
819,271,536.05,10.79,105.63,448.55,0.8776,-1,-1,-1
819,274,167.36,157.43,69.85,164.23,0.7696,-1,-1,-1
819,276,93.69,146.25,40.17,153.47,0.7341,-1,-1,-1
819,278,228.59,168.51,39.66,118.13,0.7896,-1,-1,-1
819,279,54.26,133.65,46.77,135.92,0.3453,-1,-1,-1
819,280,265.32,188.76,27.98,97.12,0.6747,-1,-1,-1
819,281,288.97,179.08,29.24,92.37,0.6379,-1,-1,-1
819,256,5.78,138.63,57.62,168.17,0.7192,-1,-1,-1
820,220,314.40,132.09,65.21,208.10,0.8128,-1,-1,-1
820,265,409.03,7.57,156.28,470.96,0.8326,-1,-1,-1
820,271,546.04,11.06,94.82,464.35,0.8741,-1,-1,-1
820,274,152.91,156.18,76.91,173.10,0.7142,-1,-1,-1
820,276,83.26,147.17,42.63,158.77,0.7490,-1,-1,-1
820,278,220.97,170.63,41.66,122.87,0.7659,-1,-1,-1
820,279,44.26,134.61,43.87,123.47,0.4475,-1,-1,-1
820,280,259.70,190.76,28.91,101.10,0.7275,-1,-1,-1
820,281,283.25,182.70,30.19,92.58,0.6394,-1,-1,-1
820,256,-2.47,143.04,53.55,168.34,0.7159,-1,-1,-1
821,220,310.06,129.07,66.75,205.85,0.8151,-1,-1,-1
821,265,410.54,4.19,152.15,475.60,0.8161,-1,-1,-1
821,271,552.67,10.39,85.80,468.50,0.8854,-1,-1,-1
821,274,145.33,148.47,75.84,179.32,0.7663,-1,-1,-1
821,276,76.33,142.12,44.16,158.96,0.7889,-1,-1,-1
821,278,214.70,165.88,41.70,125.88,0.7414,-1,-1,-1
821,279,35.95,128.26,47.74,168.18,0.7396,-1,-1,-1
821,280,253.76,187.03,28.43,103.43,0.6725,-1,-1,-1
821,281,278.29,177.80,30.63,95.21,0.6405,-1,-1,-1
821,256,-2.57,136.47,42.30,171.44,0.7424,-1,-1,-1
822,220,306.27,130.10,75.66,207.14,0.8356,-1,-1,-1
822,265,416.30,3.47,153.41,479.57,0.8657,-1,-1,-1
822,271,564.13,11.06,75.44,472.08,0.8535,-1,-1,-1
822,274,133.96,144.30,77.77,187.97,0.8066,-1,-1,-1
822,276,65.32,140.47,45.76,163.10,0.7520,-1,-1,-1
822,278,206.70,165.64,42.84,129.49,0.7998,-1,-1,-1
822,279,23.53,122.84,45.86,141.86,0.4546,-1,-1,-1
822,280,247.08,188.25,29.12,105.75,0.7227,-1,-1,-1
822,281,271.06,177.35,32.81,97.40,0.6780,-1,-1,-1
823,220,306.90,136.94,80.90,207.52,0.8052,-1,-1,-1
823,265,429.75,3.30,151.89,477.42,0.8634,-1,-1,-1
823,271,575.31,14.09,66.38,470.80,0.7656,-1,-1,-1
823,274,127.65,145.20,81.35,194.13,0.8536,-1,-1,-1
823,276,62.71,142.97,46.56,167.00,0.8119,-1,-1,-1
823,278,204.63,168.57,44.99,134.04,0.7768,-1,-1,-1
823,279,18.97,127.51,47.81,129.00,0.4765,-1,-1,-1
823,280,247.26,187.20,30.98,113.44,0.7212,-1,-1,-1
823,281,271.64,177.17,34.17,103.58,0.6376,-1,-1,-1
823,282,378.78,118.72,69.61,168.46,0.4696,-1,-1,-1
824,220,307.59,136.47,79.05,207.46,0.7841,-1,-1,-1
824,265,441.50,-0.48,160.43,480.71,0.8450,-1,-1,-1
824,271,573.51,7.43,67.19,463.67,0.7304,-1,-1,-1
824,274,116.04,139.26,84.82,202.87,0.8518,-1,-1,-1
824,276,56.08,141.25,46.78,168.57,0.7654,-1,-1,-1
824,278,197.18,164.23,45.62,138.94,0.7686,-1,-1,-1
824,279,9.71,125.25,52.84,176.31,0.5985,-1,-1,-1
824,280,242.08,180.90,33.00,117.50,0.7711,-1,-1,-1
824,281,265.54,174.37,35.31,103.88,0.7262,-1,-1,-1
824,282,379.20,114.39,79.89,264.24,0.6829,-1,-1,-1
825,220,309.63,136.17,78.17,207.18,0.7868,-1,-1,-1
825,265,452.99,-1.94,176.87,482.99,0.8730,-1,-1,-1
825,271,584.05,3.39,57.03,452.54,0.3482,-1,-1,-1
825,274,97.62,136.06,97.85,213.96,0.8595,-1,-1,-1
825,276,48.89,138.40,48.29,172.68,0.7612,-1,-1,-1
825,278,189.22,159.77,47.95,144.27,0.7697,-1,-1,-1
825,279,0.96,121.24,49.62,148.87,0.3731,-1,-1,-1
825,280,237.00,180.34,36.94,120.99,0.7782,-1,-1,-1
825,281,262.29,173.20,35.42,106.02,0.6912,-1,-1,-1
825,282,380.09,112.36,87.13,263.60,0.6582,-1,-1,-1
826,220,310.84,130.89,75.73,205.73,0.8166,-1,-1,-1
826,265,463.75,-3.13,178.04,482.08,0.9123,-1,-1,-1
826,274,84.64,129.87,107.49,225.31,0.8859,-1,-1,-1
826,276,42.14,132.18,50.19,177.35,0.7049,-1,-1,-1
826,278,181.09,152.52,50.41,148.72,0.8043,-1,-1,-1
826,279,-2.67,113.37,50.15,190.57,0.4642,-1,-1,-1
826,280,231.64,174.88,38.71,125.97,0.7521,-1,-1,-1
826,281,260.16,170.18,34.31,105.49,0.6679,-1,-1,-1
826,282,380.73,106.49,89.89,273.96,0.5910,-1,-1,-1
826,283,294.92,169.80,25.97,100.65,0.4898,-1,-1,-1
827,220,309.34,132.31,70.60,204.80,0.8229,-1,-1,-1
827,265,472.46,0.21,170.38,482.89,0.8848,-1,-1,-1
827,274,67.53,125.34,104.52,240.48,0.8609,-1,-1,-1
827,276,29.91,130.37,48.27,182.27,0.6745,-1,-1,-1
827,278,161.13,155.08,59.66,154.67,0.8150,-1,-1,-1
827,280,219.95,178.77,40.36,131.19,0.7613,-1,-1,-1
827,281,251.70,173.75,34.10,108.33,0.6817,-1,-1,-1
827,282,375.01,111.37,93.10,281.41,0.8236,-1,-1,-1
827,283,287.70,174.85,29.09,100.60,0.5394,-1,-1,-1
828,220,311.57,132.15,67.65,203.84,0.8255,-1,-1,-1
828,265,485.47,1.27,157.85,479.44,0.9011,-1,-1,-1
828,274,60.96,118.09,101.83,250.63,0.8611,-1,-1,-1
828,276,25.76,129.61,55.69,184.27,0.6804,-1,-1,-1
828,278,152.73,153.62,64.84,158.28,0.7980,-1,-1,-1
828,280,216.97,177.89,40.06,134.99,0.7917,-1,-1,-1
828,281,248.92,173.27,35.57,109.94,0.7179,-1,-1,-1
828,282,373.47,113.31,96.18,282.87,0.7755,-1,-1,-1
828,283,286.82,176.01,29.55,100.19,0.6317,-1,-1,-1
828,279,-3.60,109.28,35.90,212.79,0.4902,-1,-1,-1
829,220,316.46,130.66,65.10,205.68,0.8097,-1,-1,-1
829,265,504.85,-0.64,141.66,480.56,0.8759,-1,-1,-1
829,274,54.22,111.12,101.81,263.25,0.8514,-1,-1,-1
829,276,21.00,127.37,54.80,187.77,0.7467,-1,-1,-1
829,278,149.59,149.73,63.46,167.33,0.8736,-1,-1,-1
829,280,213.04,175.39,43.16,139.51,0.7384,-1,-1,-1
829,281,245.79,169.23,39.76,115.01,0.6903,-1,-1,-1
829,282,376.39,112.49,103.98,286.12,0.7912,-1,-1,-1
829,283,287.79,172.95,33.16,101.59,0.6963,-1,-1,-1
830,220,320.33,138.19,63.06,203.40,0.8561,-1,-1,-1
830,265,520.36,1.37,123.84,479.97,0.8586,-1,-1,-1
830,274,29.67,109.63,117.60,276.69,0.8581,-1,-1,-1
830,276,19.12,130.50,46.42,191.20,0.2871,-1,-1,-1
830,278,147.91,151.88,61.79,173.51,0.8621,-1,-1,-1
830,280,209.82,177.14,44.54,145.11,0.7117,-1,-1,-1
830,281,245.94,175.11,39.14,114.10,0.6786,-1,-1,-1
830,282,379.52,118.67,104.42,282.95,0.8317,-1,-1,-1
830,283,290.72,176.15,33.70,102.15,0.7839,-1,-1,-1
831,220,320.31,138.68,59.93,204.67,0.8277,-1,-1,-1
831,265,530.97,0.16,110.31,478.32,0.8642,-1,-1,-1
831,274,11.14,103.77,123.82,290.77,0.8527,-1,-1,-1
831,276,9.76,140.23,40.36,182.14,0.2904,-1,-1,-1
831,278,139.57,145.45,62.23,181.52,0.8517,-1,-1,-1
831,280,203.82,171.53,45.05,152.01,0.7437,-1,-1,-1
831,281,241.83,171.11,36.97,118.13,0.7144,-1,-1,-1
831,282,377.41,116.34,104.41,284.25,0.8370,-1,-1,-1
831,283,286.73,174.16,35.89,102.01,0.7749,-1,-1,-1
832,220,313.26,133.31,61.81,205.02,0.8395,-1,-1,-1
832,265,549.40,-2.23,90.41,478.62,0.8524,-1,-1,-1
832,274,-3.94,87.44,118.48,319.31,0.8791,-1,-1,-1
832,278,121.57,132.94,67.46,191.00,0.8307,-1,-1,-1
832,280,189.44,161.52,46.35,162.35,0.7894,-1,-1,-1
832,281,229.95,162.18,41.97,123.65,0.7619,-1,-1,-1
832,282,371.67,108.36,99.61,282.79,0.8540,-1,-1,-1
832,283,278.87,166.21,37.80,103.81,0.7869,-1,-1,-1
833,220,312.74,133.31,62.28,204.91,0.8310,-1,-1,-1
833,265,561.53,0.14,78.78,476.56,0.8372,-1,-1,-1
833,274,-5.28,81.35,108.56,325.93,0.8577,-1,-1,-1
833,278,111.05,129.44,71.68,200.91,0.8619,-1,-1,-1
833,280,180.80,160.73,50.46,166.77,0.8043,-1,-1,-1
833,281,226.43,161.40,41.75,126.86,0.8047,-1,-1,-1
833,282,369.68,107.10,96.78,277.82,0.8535,-1,-1,-1
833,283,274.75,165.83,39.34,104.50,0.7796,-1,-1,-1
834,220,313.38,130.02,65.28,201.71,0.8309,-1,-1,-1
834,265,578.21,12.04,63.20,466.30,0.4659,-1,-1,-1
834,274,-5.92,76.65,93.41,327.93,0.8878,-1,-1,-1
834,278,100.26,125.80,77.44,208.81,0.8691,-1,-1,-1
834,280,173.74,158.98,53.20,175.32,0.8355,-1,-1,-1
834,281,223.70,158.16,43.49,132.41,0.7557,-1,-1,-1
834,282,371.61,104.27,93.98,277.06,0.8748,-1,-1,-1
834,283,272.34,166.27,39.67,104.27,0.8086,-1,-1,-1
835,220,313.60,127.30,67.04,200.80,0.7938,-1,-1,-1
835,265,595.07,33.12,45.59,443.93,0.3293,-1,-1,-1
835,274,-4.33,94.74,74.99,311.07,0.7039,-1,-1,-1
835,278,89.64,121.50,81.87,225.04,0.8828,-1,-1,-1
835,280,165.61,155.98,59.47,185.32,0.8136,-1,-1,-1
835,281,220.57,157.39,46.37,136.32,0.7634,-1,-1,-1
835,282,372.49,103.97,93.28,278.95,0.8716,-1,-1,-1
835,283,272.87,166.89,39.82,102.26,0.7934,-1,-1,-1
836,220,318.76,125.42,68.43,196.77,0.8521,-1,-1,-1
836,274,-1.92,101.59,56.81,250.83,0.7720,-1,-1,-1
836,278,80.88,116.03,87.99,239.22,0.8688,-1,-1,-1
836,280,164.55,151.35,58.85,194.97,0.8416,-1,-1,-1
836,281,221.28,154.40,49.91,140.37,0.8356,-1,-1,-1
836,282,375.65,104.80,93.91,280.69,0.8711,-1,-1,-1
836,283,273.29,167.28,41.32,100.13,0.7786,-1,-1,-1
837,220,326.34,127.92,69.30,190.31,0.8317,-1,-1,-1
837,274,-0.88,107.29,40.35,227.64,0.6788,-1,-1,-1
837,278,73.42,111.96,92.77,252.36,0.8547,-1,-1,-1
837,280,162.22,146.66,58.81,206.81,0.8648,-1,-1,-1
837,281,223.36,152.00,51.93,147.11,0.8130,-1,-1,-1
837,282,380.76,108.86,94.70,281.82,0.8626,-1,-1,-1
837,283,274.93,168.38,43.55,100.86,0.8119,-1,-1,-1
